multiplier,search_seed,layout,replicate,mc_seed,revenue,cf_revenue
1,0,baseline,0,1000000,770561.2124,769612.7303
1,0,baseline,1,1000001,770380.0688,769612.7303
1,0,baseline,2,1000002,769530.2398,769612.7303
1,0,baseline,3,1000003,767274.1975,769612.7303
1,0,baseline,4,1000004,768885.9518,769612.7303
1,0,baseline,5,1000005,768225.7046,769612.7303
1,0,baseline,6,1000006,769513.9886,769612.7303
1,0,baseline,7,1000007,769425.5480,769612.7303
1,0,baseline,8,1000008,771405.8040,769612.7303
1,0,baseline,9,1000009,771196.5840,769612.7303
1,0,baseline,10,1000010,770346.8677,769612.7303
1,0,baseline,11,1000011,770497.9889,769612.7303
1,0,baseline,12,1000012,767038.1578,769612.7303
1,0,baseline,13,1000013,771448.0260,769612.7303
1,0,baseline,14,1000014,768706.2961,769612.7303
1,0,baseline,15,1000015,767540.7954,769612.7303
1,0,baseline,16,1000016,769062.4945,769612.7303
1,0,baseline,17,1000017,771641.9975,769612.7303
1,0,baseline,18,1000018,770721.0697,769612.7303
1,0,baseline,19,1000019,770123.7668,769612.7303
1,0,baseline,20,1000020,770594.2094,769612.7303
1,0,baseline,21,1000021,769989.2714,769612.7303
1,0,baseline,22,1000022,771025.3383,769612.7303
1,0,baseline,23,1000023,767732.1992,769612.7303
1,0,baseline,24,1000024,768412.2545,769612.7303
1,0,baseline,25,1000025,767752.3726,769612.7303
1,0,baseline,26,1000026,768435.6141,769612.7303
1,0,baseline,27,1000027,770195.9043,769612.7303
1,0,baseline,28,1000028,771020.0913,769612.7303
1,0,baseline,29,1000029,768244.7427,769612.7303
1,0,optimized,0,1000000,784507.7179,783565.3301
1,0,optimized,1,1000001,784385.7978,783565.3301
1,0,optimized,2,1000002,783472.2279,783565.3301
1,0,optimized,3,1000003,781208.8855,783565.3301
1,0,optimized,4,1000004,782839.9175,783565.3301
1,0,optimized,5,1000005,782185.0076,783565.3301
1,0,optimized,6,1000006,783449.9704,783565.3301
1,0,optimized,7,1000007,783417.8040,783565.3301
1,0,optimized,8,1000008,785374.1577,783565.3301
1,0,optimized,9,1000009,785131.2973,783565.3301
1,0,optimized,10,1000010,784358.9973,783565.3301
1,0,optimized,11,1000011,784475.5613,783565.3301
1,0,optimized,12,1000012,780929.3052,783565.3301
1,0,optimized,13,1000013,785448.0427,783565.3301
1,0,optimized,14,1000014,782653.3641,783565.3301
1,0,optimized,15,1000015,781407.4050,783565.3301
1,0,optimized,16,1000016,783011.3729,783565.3301
1,0,optimized,17,1000017,785617.0181,783565.3301
1,0,optimized,18,1000018,784703.2987,783565.3301
1,0,optimized,19,1000019,784081.6479,783565.3301
1,0,optimized,20,1000020,784569.8132,783565.3301
1,0,optimized,21,1000021,783942.9415,783565.3301
1,0,optimized,22,1000022,785076.6291,783565.3301
1,0,optimized,23,1000023,781672.8166,783565.3301
1,0,optimized,24,1000024,782339.1773,783565.3301
1,0,optimized,25,1000025,781696.0332,783565.3301
1,0,optimized,26,1000026,782409.5736,783565.3301
1,0,optimized,27,1000027,784159.8699,783565.3301
1,0,optimized,28,1000028,785005.7180,783565.3301
1,0,optimized,29,1000029,782175.8622,783565.3301
1,0,rs,0,1000000,782259.3522,781299.7477
1,0,rs,1,1000001,782118.7731,781299.7477
1,0,rs,2,1000002,781183.6780,781299.7477
1,0,rs,3,1000003,778944.7728,781299.7477
1,0,rs,4,1000004,780570.4031,781299.7477
1,0,rs,5,1000005,779910.4415,781299.7477
1,0,rs,6,1000006,781148.5736,781299.7477
1,0,rs,7,1000007,781134.0266,781299.7477
1,0,rs,8,1000008,783126.7399,781299.7477
1,0,rs,9,1000009,782855.1151,781299.7477
1,0,rs,10,1000010,782066.4077,781299.7477
1,0,rs,11,1000011,782195.8797,781299.7477
1,0,rs,12,1000012,778687.1635,781299.7477
1,0,rs,13,1000013,783161.4547,781299.7477
1,0,rs,14,1000014,780389.4787,781299.7477
1,0,rs,15,1000015,779128.6698,781299.7477
1,0,rs,16,1000016,780721.6232,781299.7477
1,0,rs,17,1000017,783369.0410,781299.7477
1,0,rs,18,1000018,782408.4110,781299.7477
1,0,rs,19,1000019,781800.9230,781299.7477
1,0,rs,20,1000020,782294.5739,781299.7477
1,0,rs,21,1000021,781695.8930,781299.7477
1,0,rs,22,1000022,782797.7985,781299.7477
1,0,rs,23,1000023,779407.1199,781299.7477
1,0,rs,24,1000024,780097.1828,781299.7477
1,0,rs,25,1000025,779459.5671,781299.7477
1,0,rs,26,1000026,780106.2499,781299.7477
1,0,rs,27,1000027,781929.7109,781299.7477
1,0,rs,28,1000028,782753.9199,781299.7477
1,0,rs,29,1000029,779906.4985,781299.7477
1,0,sa,0,1000000,780406.6425,779439.1671
1,0,sa,1,1000001,780278.3620,779439.1671
1,0,sa,2,1000002,779317.3311,779439.1671
1,0,sa,3,1000003,777085.5274,779439.1671
1,0,sa,4,1000004,778735.9118,779439.1671
1,0,sa,5,1000005,778016.0591,779439.1671
1,0,sa,6,1000006,779287.0802,779439.1671
1,0,sa,7,1000007,779265.4452,779439.1671
1,0,sa,8,1000008,781298.6499,779439.1671
1,0,sa,9,1000009,781032.8675,779439.1671
1,0,sa,10,1000010,780213.0468,779439.1671
1,0,sa,11,1000011,780323.8424,779439.1671
1,0,sa,12,1000012,776786.2518,779439.1671
1,0,sa,13,1000013,781297.2091,779439.1671
1,0,sa,14,1000014,778544.2683,779439.1671
1,0,sa,15,1000015,777274.8081,779439.1671
1,0,sa,16,1000016,778865.0894,779439.1671
1,0,sa,17,1000017,781478.3209,779439.1671
1,0,sa,18,1000018,780541.4446,779439.1671
1,0,sa,19,1000019,779957.2803,779439.1671
1,0,sa,20,1000020,780460.5061,779439.1671
1,0,sa,21,1000021,779871.5031,779439.1671
1,0,sa,22,1000022,780922.8157,779439.1671
1,0,sa,23,1000023,777524.9271,779439.1671
1,0,sa,24,1000024,778234.8251,779439.1671
1,0,sa,25,1000025,777596.3700,779439.1671
1,0,sa,26,1000026,778266.6656,779439.1671
1,0,sa,27,1000027,780069.9033,779439.1671
1,0,sa,28,1000028,780895.2148,779439.1671
1,0,sa,29,1000029,778064.6371,779439.1671
1,0,sa_k,0,1000000,787282.7457,786339.1969
1,0,sa_k,1,1000001,787161.4231,786339.1969
1,0,sa_k,2,1000002,786239.9457,786339.1969
1,0,sa_k,3,1000003,783984.5639,786339.1969
1,0,sa_k,4,1000004,785605.8118,786339.1969
1,0,sa_k,5,1000005,784956.4306,786339.1969
1,0,sa_k,6,1000006,786236.3263,786339.1969
1,0,sa_k,7,1000007,786155.8999,786339.1969
1,0,sa_k,8,1000008,788127.5400,786339.1969
1,0,sa_k,9,1000009,787904.8477,786339.1969
1,0,sa_k,10,1000010,787116.3577,786339.1969
1,0,sa_k,11,1000011,787253.6858,786339.1969
1,0,sa_k,12,1000012,783693.0319,786339.1969
1,0,sa_k,13,1000013,788214.5988,786339.1969
1,0,sa_k,14,1000014,785405.2284,786339.1969
1,0,sa_k,15,1000015,784166.1986,786339.1969
1,0,sa_k,16,1000016,785816.0289,786339.1969
1,0,sa_k,17,1000017,788376.5586,786339.1969
1,0,sa_k,18,1000018,787485.4257,786339.1969
1,0,sa_k,19,1000019,786868.1173,786339.1969
1,0,sa_k,20,1000020,787339.8346,786339.1969
1,0,sa_k,21,1000021,786736.9604,786339.1969
1,0,sa_k,22,1000022,787804.6471,786339.1969
1,0,sa_k,23,1000023,784433.0906,786339.1969
1,0,sa_k,24,1000024,785133.9473,786339.1969
1,0,sa_k,25,1000025,784461.7414,786339.1969
1,0,sa_k,26,1000026,785182.0980,786339.1969
1,0,sa_k,27,1000027,786936.0830,786339.1969
1,0,sa_k,28,1000028,787767.4617,786339.1969
1,0,sa_k,29,1000029,784945.1123,786339.1969
1,1,baseline,0,1000000,770561.2124,769612.7303
1,1,baseline,1,1000001,770380.0688,769612.7303
1,1,baseline,2,1000002,769530.2398,769612.7303
1,1,baseline,3,1000003,767274.1975,769612.7303
1,1,baseline,4,1000004,768885.9518,769612.7303
1,1,baseline,5,1000005,768225.7046,769612.7303
1,1,baseline,6,1000006,769513.9886,769612.7303
1,1,baseline,7,1000007,769425.5480,769612.7303
1,1,baseline,8,1000008,771405.8040,769612.7303
1,1,baseline,9,1000009,771196.5840,769612.7303
1,1,baseline,10,1000010,770346.8677,769612.7303
1,1,baseline,11,1000011,770497.9889,769612.7303
1,1,baseline,12,1000012,767038.1578,769612.7303
1,1,baseline,13,1000013,771448.0260,769612.7303
1,1,baseline,14,1000014,768706.2961,769612.7303
1,1,baseline,15,1000015,767540.7954,769612.7303
1,1,baseline,16,1000016,769062.4945,769612.7303
1,1,baseline,17,1000017,771641.9975,769612.7303
1,1,baseline,18,1000018,770721.0697,769612.7303
1,1,baseline,19,1000019,770123.7668,769612.7303
1,1,baseline,20,1000020,770594.2094,769612.7303
1,1,baseline,21,1000021,769989.2714,769612.7303
1,1,baseline,22,1000022,771025.3383,769612.7303
1,1,baseline,23,1000023,767732.1992,769612.7303
1,1,baseline,24,1000024,768412.2545,769612.7303
1,1,baseline,25,1000025,767752.3726,769612.7303
1,1,baseline,26,1000026,768435.6141,769612.7303
1,1,baseline,27,1000027,770195.9043,769612.7303
1,1,baseline,28,1000028,771020.0913,769612.7303
1,1,baseline,29,1000029,768244.7427,769612.7303
1,1,optimized,0,1000000,783697.4127,782749.5299
1,1,optimized,1,1000001,783577.3823,782749.5299
1,1,optimized,2,1000002,782629.8955,782749.5299
1,1,optimized,3,1000003,780390.5205,782749.5299
1,1,optimized,4,1000004,782043.1493,782749.5299
1,1,optimized,5,1000005,781360.4798,782749.5299
1,1,optimized,6,1000006,782635.4901,782749.5299
1,1,optimized,7,1000007,782608.5843,782749.5299
1,1,optimized,8,1000008,784566.1157,782749.5299
1,1,optimized,9,1000009,784317.6461,782749.5299
1,1,optimized,10,1000010,783518.9959,782749.5299
1,1,optimized,11,1000011,783646.1481,782749.5299
1,1,optimized,12,1000012,780103.8552,782749.5299
1,1,optimized,13,1000013,784613.5563,782749.5299
1,1,optimized,14,1000014,781835.1244,782749.5299
1,1,optimized,15,1000015,780580.6907,782749.5299
1,1,optimized,16,1000016,782190.2060,782749.5299
1,1,optimized,17,1000017,784814.0449,782749.5299
1,1,optimized,18,1000018,783876.4313,782749.5299
1,1,optimized,19,1000019,783273.5281,782749.5299
1,1,optimized,20,1000020,783757.6499,782749.5299
1,1,optimized,21,1000021,783135.6162,782749.5299
1,1,optimized,22,1000022,784258.9993,782749.5299
1,1,optimized,23,1000023,780855.2627,782749.5299
1,1,optimized,24,1000024,781533.9595,782749.5299
1,1,optimized,25,1000025,780883.8615,782749.5299
1,1,optimized,26,1000026,781589.2399,782749.5299
1,1,optimized,27,1000027,783345.5643,782749.5299
1,1,optimized,28,1000028,784190.7882,782749.5299
1,1,optimized,29,1000029,781361.7919,782749.5299
1,1,rs,0,1000000,780640.7243,779681.6638
1,1,rs,1,1000001,780510.2225,779681.6638
1,1,rs,2,1000002,779561.5109,779681.6638
1,1,rs,3,1000003,777323.4951,779681.6638
1,1,rs,4,1000004,778981.2153,779681.6638
1,1,rs,5,1000005,778270.0325,779681.6638
1,1,rs,6,1000006,779523.8878,779681.6638
1,1,rs,7,1000007,779529.9123,779681.6638
1,1,rs,8,1000008,781535.3970,779681.6638
1,1,rs,9,1000009,781257.2985,779681.6638
1,1,rs,10,1000010,780441.9343,779681.6638
1,1,rs,11,1000011,780582.6539,779681.6638
1,1,rs,12,1000012,777029.8858,779681.6638
1,1,rs,13,1000013,781531.7231,779681.6638
1,1,rs,14,1000014,778785.5086,779681.6638
1,1,rs,15,1000015,777505.6367,779681.6638
1,1,rs,16,1000016,779121.4284,779681.6638
1,1,rs,17,1000017,781729.7785,779681.6638
1,1,rs,18,1000018,780778.2455,779681.6638
1,1,rs,19,1000019,780206.5021,779681.6638
1,1,rs,20,1000020,780706.4262,779681.6638
1,1,rs,21,1000021,780107.6678,779681.6638
1,1,rs,22,1000022,781182.5469,779681.6638
1,1,rs,23,1000023,777759.1502,779681.6638
1,1,rs,24,1000024,778478.0714,779681.6638
1,1,rs,25,1000025,777849.4823,779681.6638
1,1,rs,26,1000026,778510.4136,779681.6638
1,1,rs,27,1000027,780307.1980,779681.6638
1,1,rs,28,1000028,781132.1922,779681.6638
1,1,rs,29,1000029,778302.9477,779681.6638
1,1,sa,0,1000000,783849.8304,782897.6631
1,1,sa,1,1000001,783716.8980,782897.6631
1,1,sa,2,1000002,782788.3344,782897.6631
1,1,sa,3,1000003,780534.7332,782897.6631
1,1,sa,4,1000004,782193.0455,782897.6631
1,1,sa,5,1000005,781503.7787,782897.6631
1,1,sa,6,1000006,782782.0748,782897.6631
1,1,sa,7,1000007,782764.8354,782897.6631
1,1,sa,8,1000008,784708.2426,782897.6631
1,1,sa,9,1000009,784462.2981,782897.6631
1,1,sa,10,1000010,783670.3487,782897.6631
1,1,sa,11,1000011,783794.7049,782897.6631
1,1,sa,12,1000012,780256.5292,782897.6631
1,1,sa,13,1000013,784778.3440,782897.6631
1,1,sa,14,1000014,781987.2966,782897.6631
1,1,sa,15,1000015,780729.5197,782897.6631
1,1,sa,16,1000016,782334.9837,782897.6631
1,1,sa,17,1000017,784961.0204,782897.6631
1,1,sa,18,1000018,784026.1742,782897.6631
1,1,sa,19,1000019,783428.5993,782897.6631
1,1,sa,20,1000020,783915.7213,782897.6631
1,1,sa,21,1000021,783280.0572,782897.6631
1,1,sa,22,1000022,784405.2792,782897.6631
1,1,sa,23,1000023,780995.3036,782897.6631
1,1,sa,24,1000024,781682.5351,782897.6631
1,1,sa,25,1000025,781036.1397,782897.6631
1,1,sa,26,1000026,781736.0891,782897.6631
1,1,sa,27,1000027,783503.0482,782897.6631
1,1,sa,28,1000028,784344.5856,782897.6631
1,1,sa,29,1000029,781511.6545,782897.6631
1,1,sa_k,0,1000000,787064.7489,786135.8376
1,1,sa_k,1,1000001,786973.2920,786135.8376
1,1,sa_k,2,1000002,786042.4352,786135.8376
1,1,sa_k,3,1000003,783778.8014,786135.8376
1,1,sa_k,4,1000004,785399.1799,786135.8376
1,1,sa_k,5,1000005,784750.8974,786135.8376
1,1,sa_k,6,1000006,786029.9083,786135.8376
1,1,sa_k,7,1000007,785956.0098,786135.8376
1,1,sa_k,8,1000008,787923.8148,786135.8376
1,1,sa_k,9,1000009,787694.1786,786135.8376
1,1,sa_k,10,1000010,786913.6933,786135.8376
1,1,sa_k,11,1000011,787047.5269,786135.8376
1,1,sa_k,12,1000012,783477.2076,786135.8376
1,1,sa_k,13,1000013,788007.3344,786135.8376
1,1,sa_k,14,1000014,785213.5100,786135.8376
1,1,sa_k,15,1000015,783962.2888,786135.8376
1,1,sa_k,16,1000016,785614.2202,786135.8376
1,1,sa_k,17,1000017,788170.5796,786135.8376
1,1,sa_k,18,1000018,787276.2073,786135.8376
1,1,sa_k,19,1000019,786665.8169,786135.8376
1,1,sa_k,20,1000020,787137.6128,786135.8376
1,1,sa_k,21,1000021,786525.5133,786135.8376
1,1,sa_k,22,1000022,787605.3780,786135.8376
1,1,sa_k,23,1000023,784221.4699,786135.8376
1,1,sa_k,24,1000024,784924.4192,786135.8376
1,1,sa_k,25,1000025,784257.9111,786135.8376
1,1,sa_k,26,1000026,784979.5044,786135.8376
1,1,sa_k,27,1000027,786733.5083,786135.8376
1,1,sa_k,28,1000028,787564.9364,786135.8376
1,1,sa_k,29,1000029,784742.8682,786135.8376
1,2,baseline,0,1000000,770561.2124,769612.7303
1,2,baseline,1,1000001,770380.0688,769612.7303
1,2,baseline,2,1000002,769530.2398,769612.7303
1,2,baseline,3,1000003,767274.1975,769612.7303
1,2,baseline,4,1000004,768885.9518,769612.7303
1,2,baseline,5,1000005,768225.7046,769612.7303
1,2,baseline,6,1000006,769513.9886,769612.7303
1,2,baseline,7,1000007,769425.5480,769612.7303
1,2,baseline,8,1000008,771405.8040,769612.7303
1,2,baseline,9,1000009,771196.5840,769612.7303
1,2,baseline,10,1000010,770346.8677,769612.7303
1,2,baseline,11,1000011,770497.9889,769612.7303
1,2,baseline,12,1000012,767038.1578,769612.7303
1,2,baseline,13,1000013,771448.0260,769612.7303
1,2,baseline,14,1000014,768706.2961,769612.7303
1,2,baseline,15,1000015,767540.7954,769612.7303
1,2,baseline,16,1000016,769062.4945,769612.7303
1,2,baseline,17,1000017,771641.9975,769612.7303
1,2,baseline,18,1000018,770721.0697,769612.7303
1,2,baseline,19,1000019,770123.7668,769612.7303
1,2,baseline,20,1000020,770594.2094,769612.7303
1,2,baseline,21,1000021,769989.2714,769612.7303
1,2,baseline,22,1000022,771025.3383,769612.7303
1,2,baseline,23,1000023,767732.1992,769612.7303
1,2,baseline,24,1000024,768412.2545,769612.7303
1,2,baseline,25,1000025,767752.3726,769612.7303
1,2,baseline,26,1000026,768435.6141,769612.7303
1,2,baseline,27,1000027,770195.9043,769612.7303
1,2,baseline,28,1000028,771020.0913,769612.7303
1,2,baseline,29,1000029,768244.7427,769612.7303
1,2,optimized,0,1000000,782701.1637,781751.4136
1,2,optimized,1,1000001,782578.7236,781751.4136
1,2,optimized,2,1000002,781629.3428,781751.4136
1,2,optimized,3,1000003,779397.3491,781751.4136
1,2,optimized,4,1000004,781020.3780,781751.4136
1,2,optimized,5,1000005,780362.3202,781751.4136
1,2,optimized,6,1000006,781606.1677,781751.4136
1,2,optimized,7,1000007,781589.1159,781751.4136
1,2,optimized,8,1000008,783578.6860,781751.4136
1,2,optimized,9,1000009,783311.7630,781751.4136
1,2,optimized,10,1000010,782521.9663,781751.4136
1,2,optimized,11,1000011,782645.8778,781751.4136
1,2,optimized,12,1000012,779123.1761,781751.4136
1,2,optimized,13,1000013,783606.0893,781751.4136
1,2,optimized,14,1000014,780832.7493,781751.4136
1,2,optimized,15,1000015,779579.2967,781751.4136
1,2,optimized,16,1000016,781188.0568,781751.4136
1,2,optimized,17,1000017,783827.8536,781751.4136
1,2,optimized,18,1000018,782869.4965,781751.4136
1,2,optimized,19,1000019,782258.6771,781751.4136
1,2,optimized,20,1000020,782743.8707,781751.4136
1,2,optimized,21,1000021,782138.3963,781751.4136
1,2,optimized,22,1000022,783249.1847,781751.4136
1,2,optimized,23,1000023,779850.8278,781751.4136
1,2,optimized,24,1000024,780555.7315,781751.4136
1,2,optimized,25,1000025,779925.3568,781751.4136
1,2,optimized,26,1000026,780573.7911,781751.4136
1,2,optimized,27,1000027,782375.1531,781751.4136
1,2,optimized,28,1000028,783207.9718,781751.4136
1,2,optimized,29,1000029,780374.7276,781751.4136
1,2,rs,0,1000000,782662.4787,781711.9189
1,2,rs,1,1000001,782535.6515,781711.9189
1,2,rs,2,1000002,781586.3565,781711.9189
1,2,rs,3,1000003,779354.8173,781711.9189
1,2,rs,4,1000004,780979.9363,781711.9189
1,2,rs,5,1000005,780326.5059,781711.9189
1,2,rs,6,1000006,781572.4346,781711.9189
1,2,rs,7,1000007,781554.6072,781711.9189
1,2,rs,8,1000008,783540.6274,781711.9189
1,2,rs,9,1000009,783264.5433,781711.9189
1,2,rs,10,1000010,782479.9040,781711.9189
1,2,rs,11,1000011,782605.7909,781711.9189
1,2,rs,12,1000012,779079.4210,781711.9189
1,2,rs,13,1000013,783564.1181,781711.9189
1,2,rs,14,1000014,780792.8521,781711.9189
1,2,rs,15,1000015,779546.2961,781711.9189
1,2,rs,16,1000016,781144.6083,781711.9189
1,2,rs,17,1000017,783785.6629,781711.9189
1,2,rs,18,1000018,782829.8054,781711.9189
1,2,rs,19,1000019,782216.3816,781711.9189
1,2,rs,20,1000020,782702.0782,781711.9189
1,2,rs,21,1000021,782105.0196,781711.9189
1,2,rs,22,1000022,783211.2984,781711.9189
1,2,rs,23,1000023,779814.3150,781711.9189
1,2,rs,24,1000024,780513.7551,781711.9189
1,2,rs,25,1000025,779882.3446,781711.9189
1,2,rs,26,1000026,780530.1988,781711.9189
1,2,rs,27,1000027,782332.9466,781711.9189
1,2,rs,28,1000028,783169.3098,781711.9189
1,2,rs,29,1000029,780324.4373,781711.9189
1,2,sa,0,1000000,782202.9246,781241.8365
1,2,sa,1,1000001,782057.0173,781241.8365
1,2,sa,2,1000002,781131.7908,781241.8365
1,2,sa,3,1000003,778892.5064,781241.8365
1,2,sa,4,1000004,780523.3572,781241.8365
1,2,sa,5,1000005,779850.1015,781241.8365
1,2,sa,6,1000006,781093.8425,781241.8365
1,2,sa,7,1000007,781081.3327,781241.8365
1,2,sa,8,1000008,783070.4004,781241.8365
1,2,sa,9,1000009,782798.0903,781241.8365
1,2,sa,10,1000010,782017.3110,781241.8365
1,2,sa,11,1000011,782127.9227,781241.8365
1,2,sa,12,1000012,778623.3237,781241.8365
1,2,sa,13,1000013,783100.9903,781241.8365
1,2,sa,14,1000014,780327.4148,781241.8365
1,2,sa,15,1000015,779057.2616,781241.8365
1,2,sa,16,1000016,780659.0796,781241.8365
1,2,sa,17,1000017,783313.7772,781241.8365
1,2,sa,18,1000018,782351.3206,781241.8365
1,2,sa,19,1000019,781746.2716,781241.8365
1,2,sa,20,1000020,782234.6694,781241.8365
1,2,sa,21,1000021,781645.6930,781241.8365
1,2,sa,22,1000022,782752.4989,781241.8365
1,2,sa,23,1000023,779346.7633,781241.8365
1,2,sa,24,1000024,780034.9372,781241.8365
1,2,sa,25,1000025,779405.4056,781241.8365
1,2,sa,26,1000026,780051.0654,781241.8365
1,2,sa,27,1000027,781865.1210,781241.8365
1,2,sa,28,1000028,782696.4471,781241.8365
1,2,sa,29,1000029,779852.3483,781241.8365
1,2,sa_k,0,1000000,786412.7546,785479.3678
1,2,sa_k,1,1000001,786306.2670,785479.3678
1,2,sa_k,2,1000002,785402.6245,785479.3678
1,2,sa_k,3,1000003,783122.1268,785479.3678
1,2,sa_k,4,1000004,784748.9901,785479.3678
1,2,sa_k,5,1000005,784097.9087,785479.3678
1,2,sa_k,6,1000006,785365.6826,785479.3678
1,2,sa_k,7,1000007,785320.5446,785479.3678
1,2,sa_k,8,1000008,787281.5178,785479.3678
1,2,sa_k,9,1000009,787032.3920,785479.3678
1,2,sa_k,10,1000010,786260.3241,785479.3678
1,2,sa_k,11,1000011,786398.7385,785479.3678
1,2,sa_k,12,1000012,782834.1701,785479.3678
1,2,sa_k,13,1000013,787356.7962,785479.3678
1,2,sa_k,14,1000014,784566.3891,785479.3678
1,2,sa_k,15,1000015,783314.9564,785479.3678
1,2,sa_k,16,1000016,784946.3003,785479.3678
1,2,sa_k,17,1000017,787529.1229,785479.3678
1,2,sa_k,18,1000018,786601.1941,785479.3678
1,2,sa_k,19,1000019,785994.8373,785479.3678
1,2,sa_k,20,1000020,786477.3284,785479.3678
1,2,sa_k,21,1000021,785867.4629,785479.3678
1,2,sa_k,22,1000022,786968.5627,785479.3678
1,2,sa_k,23,1000023,783576.4527,785479.3678
1,2,sa_k,24,1000024,784268.9829,785479.3678
1,2,sa_k,25,1000025,783607.4992,785479.3678
1,2,sa_k,26,1000026,784321.1445,785479.3678
1,2,sa_k,27,1000027,786065.7719,785479.3678
1,2,sa_k,28,1000028,786909.3449,785479.3678
1,2,sa_k,29,1000029,784104.6359,785479.3678
1,3,baseline,0,1000000,770561.2124,769612.7303
1,3,baseline,1,1000001,770380.0688,769612.7303
1,3,baseline,2,1000002,769530.2398,769612.7303
1,3,baseline,3,1000003,767274.1975,769612.7303
1,3,baseline,4,1000004,768885.9518,769612.7303
1,3,baseline,5,1000005,768225.7046,769612.7303
1,3,baseline,6,1000006,769513.9886,769612.7303
1,3,baseline,7,1000007,769425.5480,769612.7303
1,3,baseline,8,1000008,771405.8040,769612.7303
1,3,baseline,9,1000009,771196.5840,769612.7303
1,3,baseline,10,1000010,770346.8677,769612.7303
1,3,baseline,11,1000011,770497.9889,769612.7303
1,3,baseline,12,1000012,767038.1578,769612.7303
1,3,baseline,13,1000013,771448.0260,769612.7303
1,3,baseline,14,1000014,768706.2961,769612.7303
1,3,baseline,15,1000015,767540.7954,769612.7303
1,3,baseline,16,1000016,769062.4945,769612.7303
1,3,baseline,17,1000017,771641.9975,769612.7303
1,3,baseline,18,1000018,770721.0697,769612.7303
1,3,baseline,19,1000019,770123.7668,769612.7303
1,3,baseline,20,1000020,770594.2094,769612.7303
1,3,baseline,21,1000021,769989.2714,769612.7303
1,3,baseline,22,1000022,771025.3383,769612.7303
1,3,baseline,23,1000023,767732.1992,769612.7303
1,3,baseline,24,1000024,768412.2545,769612.7303
1,3,baseline,25,1000025,767752.3726,769612.7303
1,3,baseline,26,1000026,768435.6141,769612.7303
1,3,baseline,27,1000027,770195.9043,769612.7303
1,3,baseline,28,1000028,771020.0913,769612.7303
1,3,baseline,29,1000029,768244.7427,769612.7303
1,3,optimized,0,1000000,783278.2345,782330.0891
1,3,optimized,1,1000001,783155.0296,782330.0891
1,3,optimized,2,1000002,782211.2791,782330.0891
1,3,optimized,3,1000003,779978.8468,782330.0891
1,3,optimized,4,1000004,781612.0823,782330.0891
1,3,optimized,5,1000005,780944.4548,782330.0891
1,3,optimized,6,1000006,782202.3850,782330.0891
1,3,optimized,7,1000007,782184.0905,782330.0891
1,3,optimized,8,1000008,784151.9264,782330.0891
1,3,optimized,9,1000009,783916.0503,782330.0891
1,3,optimized,10,1000010,783101.3809,782330.0891
1,3,optimized,11,1000011,783223.4745,782330.0891
1,3,optimized,12,1000012,779706.7113,782330.0891
1,3,optimized,13,1000013,784188.0440,782330.0891
1,3,optimized,14,1000014,781416.0917,782330.0891
1,3,optimized,15,1000015,780155.4668,782330.0891
1,3,optimized,16,1000016,781771.7062,782330.0891
1,3,optimized,17,1000017,784401.5684,782330.0891
1,3,optimized,18,1000018,783458.4508,782330.0891
1,3,optimized,19,1000019,782841.6084,782330.0891
1,3,optimized,20,1000020,783324.1520,782330.0891
1,3,optimized,21,1000021,782710.8564,782330.0891
1,3,optimized,22,1000022,783836.8750,782330.0891
1,3,optimized,23,1000023,780437.2553,782330.0891
1,3,optimized,24,1000024,781124.0970,782330.0891
1,3,optimized,25,1000025,780490.6356,782330.0891
1,3,optimized,26,1000026,781153.4714,782330.0891
1,3,optimized,27,1000027,782919.6992,782330.0891
1,3,optimized,28,1000028,783783.3781,782330.0891
1,3,optimized,29,1000029,780938.8648,782330.0891
1,3,rs,0,1000000,780638.4256,779675.1465
1,3,rs,1,1000001,780499.7650,779675.1465
1,3,rs,2,1000002,779557.7819,779675.1465
1,3,rs,3,1000003,777317.2587,779675.1465
1,3,rs,4,1000004,778974.8521,779675.1465
1,3,rs,5,1000005,778263.3642,779675.1465
1,3,rs,6,1000006,779517.2511,779675.1465
1,3,rs,7,1000007,779519.9847,779675.1465
1,3,rs,8,1000008,781527.0030,779675.1465
1,3,rs,9,1000009,781244.6141,779675.1465
1,3,rs,10,1000010,780433.5203,779675.1465
1,3,rs,11,1000011,780576.2395,779675.1465
1,3,rs,12,1000012,777024.1155,779675.1465
1,3,rs,13,1000013,781529.2991,779675.1465
1,3,rs,14,1000014,778781.4108,779675.1465
1,3,rs,15,1000015,777497.5288,779675.1465
1,3,rs,16,1000016,779110.7937,779675.1465
1,3,rs,17,1000017,781721.8151,779675.1465
1,3,rs,18,1000018,780774.4513,779675.1465
1,3,rs,19,1000019,780194.1858,779675.1465
1,3,rs,20,1000020,780701.7885,779675.1465
1,3,rs,21,1000021,780099.0297,779675.1465
1,3,rs,22,1000022,781172.5858,779675.1465
1,3,rs,23,1000023,777760.2575,779675.1465
1,3,rs,24,1000024,778470.0620,779675.1465
1,3,rs,25,1000025,777844.5967,779675.1465
1,3,rs,26,1000026,778500.4853,779675.1465
1,3,rs,27,1000027,780298.3748,779675.1465
1,3,rs,28,1000028,781123.2646,779675.1465
1,3,rs,29,1000029,778295.0751,779675.1465
1,3,sa,0,1000000,781871.9613,780902.2841
1,3,sa,1,1000001,781722.8937,780902.2841
1,3,sa,2,1000002,780795.6403,780902.2841
1,3,sa,3,1000003,778549.1812,780902.2841
1,3,sa,4,1000004,780183.8265,780902.2841
1,3,sa,5,1000005,779500.4146,780902.2841
1,3,sa,6,1000006,780742.7679,780902.2841
1,3,sa,7,1000007,780733.2241,780902.2841
1,3,sa,8,1000008,782735.4533,780902.2841
1,3,sa,9,1000009,782456.4946,780902.2841
1,3,sa,10,1000010,781679.2513,780902.2841
1,3,sa,11,1000011,781794.2647,780902.2841
1,3,sa,12,1000012,778268.1895,780902.2841
1,3,sa,13,1000013,782763.0945,780902.2841
1,3,sa,14,1000014,779991.3861,780902.2841
1,3,sa,15,1000015,778711.7061,780902.2841
1,3,sa,16,1000016,780327.8401,780902.2841
1,3,sa,17,1000017,782955.6094,780902.2841
1,3,sa,18,1000018,782009.7761,780902.2841
1,3,sa,19,1000019,781410.2004,780902.2841
1,3,sa,20,1000020,781903.4387,780902.2841
1,3,sa,21,1000021,781318.1683,780902.2841
1,3,sa,22,1000022,782406.0516,780902.2841
1,3,sa,23,1000023,779002.1733,780902.2841
1,3,sa,24,1000024,779696.3439,780902.2841
1,3,sa,25,1000025,779072.4320,780902.2841
1,3,sa,26,1000026,779712.9524,780902.2841
1,3,sa,27,1000027,781534.7426,780902.2841
1,3,sa,28,1000028,782353.1616,780902.2841
1,3,sa,29,1000029,779509.6648,780902.2841
1,3,sa_k,0,1000000,786188.3973,785247.1360
1,3,sa_k,1,1000001,786072.6027,785247.1360
1,3,sa_k,2,1000002,785173.9800,785247.1360
1,3,sa_k,3,1000003,782887.7367,785247.1360
1,3,sa_k,4,1000004,784524.8825,785247.1360
1,3,sa_k,5,1000005,783868.5509,785247.1360
1,3,sa_k,6,1000006,785130.7453,785247.1360
1,3,sa_k,7,1000007,785092.2958,785247.1360
1,3,sa_k,8,1000008,787046.1151,785247.1360
1,3,sa_k,9,1000009,786802.8250,785247.1360
1,3,sa_k,10,1000010,786032.5932,785247.1360
1,3,sa_k,11,1000011,786179.0893,785247.1360
1,3,sa_k,12,1000012,782603.3436,785247.1360
1,3,sa_k,13,1000013,787135.4065,785247.1360
1,3,sa_k,14,1000014,784331.1506,785247.1360
1,3,sa_k,15,1000015,783081.4677,785247.1360
1,3,sa_k,16,1000016,784701.7541,785247.1360
1,3,sa_k,17,1000017,787302.3054,785247.1360
1,3,sa_k,18,1000018,786373.0580,785247.1360
1,3,sa_k,19,1000019,785762.3469,785247.1360
1,3,sa_k,20,1000020,786261.0683,785247.1360
1,3,sa_k,21,1000021,785629.1454,785247.1360
1,3,sa_k,22,1000022,786737.2570,785247.1360
1,3,sa_k,23,1000023,783343.4579,785247.1360
1,3,sa_k,24,1000024,784036.3680,785247.1360
1,3,sa_k,25,1000025,783377.3940,785247.1360
1,3,sa_k,26,1000026,784089.0381,785247.1360
1,3,sa_k,27,1000027,785825.2308,785247.1360
1,3,sa_k,28,1000028,786671.4536,785247.1360
1,3,sa_k,29,1000029,783870.7970,785247.1360
1,4,baseline,0,1000000,770561.2124,769612.7303
1,4,baseline,1,1000001,770380.0688,769612.7303
1,4,baseline,2,1000002,769530.2398,769612.7303
1,4,baseline,3,1000003,767274.1975,769612.7303
1,4,baseline,4,1000004,768885.9518,769612.7303
1,4,baseline,5,1000005,768225.7046,769612.7303
1,4,baseline,6,1000006,769513.9886,769612.7303
1,4,baseline,7,1000007,769425.5480,769612.7303
1,4,baseline,8,1000008,771405.8040,769612.7303
1,4,baseline,9,1000009,771196.5840,769612.7303
1,4,baseline,10,1000010,770346.8677,769612.7303
1,4,baseline,11,1000011,770497.9889,769612.7303
1,4,baseline,12,1000012,767038.1578,769612.7303
1,4,baseline,13,1000013,771448.0260,769612.7303
1,4,baseline,14,1000014,768706.2961,769612.7303
1,4,baseline,15,1000015,767540.7954,769612.7303
1,4,baseline,16,1000016,769062.4945,769612.7303
1,4,baseline,17,1000017,771641.9975,769612.7303
1,4,baseline,18,1000018,770721.0697,769612.7303
1,4,baseline,19,1000019,770123.7668,769612.7303
1,4,baseline,20,1000020,770594.2094,769612.7303
1,4,baseline,21,1000021,769989.2714,769612.7303
1,4,baseline,22,1000022,771025.3383,769612.7303
1,4,baseline,23,1000023,767732.1992,769612.7303
1,4,baseline,24,1000024,768412.2545,769612.7303
1,4,baseline,25,1000025,767752.3726,769612.7303
1,4,baseline,26,1000026,768435.6141,769612.7303
1,4,baseline,27,1000027,770195.9043,769612.7303
1,4,baseline,28,1000028,771020.0913,769612.7303
1,4,baseline,29,1000029,768244.7427,769612.7303
1,4,optimized,0,1000000,783034.3803,782082.0378
1,4,optimized,1,1000001,782911.0108,782082.0378
1,4,optimized,2,1000002,781967.2795,782082.0378
1,4,optimized,3,1000003,779715.5082,782082.0378
1,4,optimized,4,1000004,781349.3220,782082.0378
1,4,optimized,5,1000005,780690.3871,782082.0378
1,4,optimized,6,1000006,781946.0643,782082.0378
1,4,optimized,7,1000007,781926.4677,782082.0378
1,4,optimized,8,1000008,783891.8606,782082.0378
1,4,optimized,9,1000009,783655.7807,782082.0378
1,4,optimized,10,1000010,782850.3412,782082.0378
1,4,optimized,11,1000011,782980.0963,782082.0378
1,4,optimized,12,1000012,779455.8134,782082.0378
1,4,optimized,13,1000013,783937.2150,782082.0378
1,4,optimized,14,1000014,781169.4337,782082.0378
1,4,optimized,15,1000015,779909.8244,782082.0378
1,4,optimized,16,1000016,781517.4232,782082.0378
1,4,optimized,17,1000017,784152.7576,782082.0378
1,4,optimized,18,1000018,783205.9267,782082.0378
1,4,optimized,19,1000019,782602.8390,782082.0378
1,4,optimized,20,1000020,783070.0760,782082.0378
1,4,optimized,21,1000021,782471.0305,782082.0378
1,4,optimized,22,1000022,783586.9492,782082.0378
1,4,optimized,23,1000023,780183.8742,782082.0378
1,4,optimized,24,1000024,780875.6279,782082.0378
1,4,optimized,25,1000025,780249.3184,782082.0378
1,4,optimized,26,1000026,780897.2154,782082.0378
1,4,optimized,27,1000027,782694.4879,782082.0378
1,4,optimized,28,1000028,783532.7341,782082.0378
1,4,optimized,29,1000029,780700.6745,782082.0378
1,4,rs,0,1000000,780807.9468,779846.6503
1,4,rs,1,1000001,780665.0312,779846.6503
1,4,rs,2,1000002,779733.6987,779846.6503
1,4,rs,3,1000003,777491.5152,779846.6503
1,4,rs,4,1000004,779150.0955,779846.6503
1,4,rs,5,1000005,778438.5003,779846.6503
1,4,rs,6,1000006,779687.3807,779846.6503
1,4,rs,7,1000007,779689.5424,779846.6503
1,4,rs,8,1000008,781694.0634,779846.6503
1,4,rs,9,1000009,781418.3052,779846.6503
1,4,rs,10,1000010,780608.3244,779846.6503
1,4,rs,11,1000011,780754.8382,779846.6503
1,4,rs,12,1000012,777191.8925,779846.6503
1,4,rs,13,1000013,781708.9740,779846.6503
1,4,rs,14,1000014,778949.4881,779846.6503
1,4,rs,15,1000015,777661.1950,779846.6503
1,4,rs,16,1000016,779293.7400,779846.6503
1,4,rs,17,1000017,781905.4766,779846.6503
1,4,rs,18,1000018,780953.0869,779846.6503
1,4,rs,19,1000019,780357.3587,779846.6503
1,4,rs,20,1000020,780867.6458,779846.6503
1,4,rs,21,1000021,780267.8293,779846.6503
1,4,rs,22,1000022,781338.5304,779846.6503
1,4,rs,23,1000023,777937.7762,779846.6503
1,4,rs,24,1000024,778643.6677,779846.6503
1,4,rs,25,1000025,778015.9178,779846.6503
1,4,rs,26,1000026,778664.5545,779846.6503
1,4,rs,27,1000027,780471.8387,779846.6503
1,4,rs,28,1000028,781295.3209,779846.6503
1,4,rs,29,1000029,778463.7303,779846.6503
1,4,sa,0,1000000,783322.6294,782373.1607
1,4,sa,1,1000001,783199.0822,782373.1607
1,4,sa,2,1000002,782264.5678,782373.1607
1,4,sa,3,1000003,780014.7821,782373.1607
1,4,sa,4,1000004,781651.7511,782373.1607
1,4,sa,5,1000005,780982.8759,782373.1607
1,4,sa,6,1000006,782241.2588,782373.1607
1,4,sa,7,1000007,782222.5434,782373.1607
1,4,sa,8,1000008,784193.7355,782373.1607
1,4,sa,9,1000009,783952.8085,782373.1607
1,4,sa,10,1000010,783138.0162,782373.1607
1,4,sa,11,1000011,783268.3348,782373.1607
1,4,sa,12,1000012,779752.4268,782373.1607
1,4,sa,13,1000013,784233.7174,782373.1607
1,4,sa,14,1000014,781460.8663,782373.1607
1,4,sa,15,1000015,780203.8949,782373.1607
1,4,sa,16,1000016,781812.1790,782373.1607
1,4,sa,17,1000017,784445.5981,782373.1607
1,4,sa,18,1000018,783502.1819,782373.1607
1,4,sa,19,1000019,782887.1535,782373.1607
1,4,sa,20,1000020,783365.7215,782373.1607
1,4,sa,21,1000021,782757.4428,782373.1607
1,4,sa,22,1000022,783880.0084,782373.1607
1,4,sa,23,1000023,780476.4271,782373.1607
1,4,sa,24,1000024,781170.7585,782373.1607
1,4,sa,25,1000025,780536.4101,782373.1607
1,4,sa,26,1000026,781191.2368,782373.1607
1,4,sa,27,1000027,782969.2336,782373.1607
1,4,sa,28,1000028,783829.8742,782373.1607
1,4,sa,29,1000029,780984.1913,782373.1607
1,4,sa_k,0,1000000,785034.3200,784094.8398
1,4,sa_k,1,1000001,784922.3015,784094.8398
1,4,sa_k,2,1000002,783998.1130,784094.8398
1,4,sa_k,3,1000003,781743.0427,784094.8398
1,4,sa_k,4,1000004,783363.6597,784094.8398
1,4,sa_k,5,1000005,782734.3719,784094.8398
1,4,sa_k,6,1000006,783976.4769,784094.8398
1,4,sa_k,7,1000007,783950.2497,784094.8398
1,4,sa_k,8,1000008,785898.1851,784094.8398
1,4,sa_k,9,1000009,785667.8612,784094.8398
1,4,sa_k,10,1000010,784890.3383,784094.8398
1,4,sa_k,11,1000011,784996.5505,784094.8398
1,4,sa_k,12,1000012,781454.0308,784094.8398
1,4,sa_k,13,1000013,785993.5759,784094.8398
1,4,sa_k,14,1000014,783169.2045,784094.8398
1,4,sa_k,15,1000015,781935.6192,784094.8398
1,4,sa_k,16,1000016,783557.8615,784094.8398
1,4,sa_k,17,1000017,786155.0080,784094.8398
1,4,sa_k,18,1000018,785208.1103,784094.8398
1,4,sa_k,19,1000019,784616.0157,784094.8398
1,4,sa_k,20,1000020,785107.6010,784094.8398
1,4,sa_k,21,1000021,784468.4312,784094.8398
1,4,sa_k,22,1000022,785599.2769,784094.8398
1,4,sa_k,23,1000023,782206.3226,784094.8398
1,4,sa_k,24,1000024,782884.6143,784094.8398
1,4,sa_k,25,1000025,782216.1549,784094.8398
1,4,sa_k,26,1000026,782936.2017,784094.8398
1,4,sa_k,27,1000027,784688.9790,784094.8398
1,4,sa_k,28,1000028,785528.4973,784094.8398
1,4,sa_k,29,1000029,782702.0003,784094.8398
3,0,baseline,0,1000000,770561.2124,769612.7303
3,0,baseline,1,1000001,770380.0688,769612.7303
3,0,baseline,2,1000002,769530.2398,769612.7303
3,0,baseline,3,1000003,767274.1975,769612.7303
3,0,baseline,4,1000004,768885.9518,769612.7303
3,0,baseline,5,1000005,768225.7046,769612.7303
3,0,baseline,6,1000006,769513.9886,769612.7303
3,0,baseline,7,1000007,769425.5480,769612.7303
3,0,baseline,8,1000008,771405.8040,769612.7303
3,0,baseline,9,1000009,771196.5840,769612.7303
3,0,baseline,10,1000010,770346.8677,769612.7303
3,0,baseline,11,1000011,770497.9889,769612.7303
3,0,baseline,12,1000012,767038.1578,769612.7303
3,0,baseline,13,1000013,771448.0260,769612.7303
3,0,baseline,14,1000014,768706.2961,769612.7303
3,0,baseline,15,1000015,767540.7954,769612.7303
3,0,baseline,16,1000016,769062.4945,769612.7303
3,0,baseline,17,1000017,771641.9975,769612.7303
3,0,baseline,18,1000018,770721.0697,769612.7303
3,0,baseline,19,1000019,770123.7668,769612.7303
3,0,baseline,20,1000020,770594.2094,769612.7303
3,0,baseline,21,1000021,769989.2714,769612.7303
3,0,baseline,22,1000022,771025.3383,769612.7303
3,0,baseline,23,1000023,767732.1992,769612.7303
3,0,baseline,24,1000024,768412.2545,769612.7303
3,0,baseline,25,1000025,767752.3726,769612.7303
3,0,baseline,26,1000026,768435.6141,769612.7303
3,0,baseline,27,1000027,770195.9043,769612.7303
3,0,baseline,28,1000028,771020.0913,769612.7303
3,0,baseline,29,1000029,768244.7427,769612.7303
3,0,optimized,0,1000000,786545.6490,785611.5320
3,0,optimized,1,1000001,786441.0784,785611.5320
3,0,optimized,2,1000002,785534.9488,785611.5320
3,0,optimized,3,1000003,783254.2321,785611.5320
3,0,optimized,4,1000004,784884.2200,785611.5320
3,0,optimized,5,1000005,784231.3993,785611.5320
3,0,optimized,6,1000006,785503.3612,785611.5320
3,0,optimized,7,1000007,785440.5260,785611.5320
3,0,optimized,8,1000008,787416.9087,785611.5320
3,0,optimized,9,1000009,787164.3203,785611.5320
3,0,optimized,10,1000010,786388.4674,785611.5320
3,0,optimized,11,1000011,786525.6204,785611.5320
3,0,optimized,12,1000012,782969.1542,785611.5320
3,0,optimized,13,1000013,787499.4611,785611.5320
3,0,optimized,14,1000014,784703.3233,785611.5320
3,0,optimized,15,1000015,783443.0844,785611.5320
3,0,optimized,16,1000016,785080.8921,785611.5320
3,0,optimized,17,1000017,787657.2356,785611.5320
3,0,optimized,18,1000018,786725.9409,785611.5320
3,0,optimized,19,1000019,786129.2797,785611.5320
3,0,optimized,20,1000020,786609.3697,785611.5320
3,0,optimized,21,1000021,785997.8691,785611.5320
3,0,optimized,22,1000022,787099.7436,785611.5320
3,0,optimized,23,1000023,783705.2450,785611.5320
3,0,optimized,24,1000024,784401.4671,785611.5320
3,0,optimized,25,1000025,783737.5393,785611.5320
3,0,optimized,26,1000026,784446.7305,785611.5320
3,0,optimized,27,1000027,786200.5657,785611.5320
3,0,optimized,28,1000028,787033.0907,785611.5320
3,0,optimized,29,1000029,784240.4341,785611.5320
3,0,rs,0,1000000,782259.3522,781299.7477
3,0,rs,1,1000001,782118.7731,781299.7477
3,0,rs,2,1000002,781183.6780,781299.7477
3,0,rs,3,1000003,778944.7728,781299.7477
3,0,rs,4,1000004,780570.4031,781299.7477
3,0,rs,5,1000005,779910.4415,781299.7477
3,0,rs,6,1000006,781148.5736,781299.7477
3,0,rs,7,1000007,781134.0266,781299.7477
3,0,rs,8,1000008,783126.7399,781299.7477
3,0,rs,9,1000009,782855.1151,781299.7477
3,0,rs,10,1000010,782066.4077,781299.7477
3,0,rs,11,1000011,782195.8797,781299.7477
3,0,rs,12,1000012,778687.1635,781299.7477
3,0,rs,13,1000013,783161.4547,781299.7477
3,0,rs,14,1000014,780389.4787,781299.7477
3,0,rs,15,1000015,779128.6698,781299.7477
3,0,rs,16,1000016,780721.6232,781299.7477
3,0,rs,17,1000017,783369.0410,781299.7477
3,0,rs,18,1000018,782408.4110,781299.7477
3,0,rs,19,1000019,781800.9230,781299.7477
3,0,rs,20,1000020,782294.5739,781299.7477
3,0,rs,21,1000021,781695.8930,781299.7477
3,0,rs,22,1000022,782797.7985,781299.7477
3,0,rs,23,1000023,779407.1199,781299.7477
3,0,rs,24,1000024,780097.1828,781299.7477
3,0,rs,25,1000025,779459.5671,781299.7477
3,0,rs,26,1000026,780106.2499,781299.7477
3,0,rs,27,1000027,781929.7109,781299.7477
3,0,rs,28,1000028,782753.9199,781299.7477
3,0,rs,29,1000029,779906.4985,781299.7477
3,0,sa,0,1000000,786307.7892,785365.9324
3,0,sa,1,1000001,786193.4004,785365.9324
3,0,sa,2,1000002,785290.9526,785365.9324
3,0,sa,3,1000003,783007.8686,785365.9324
3,0,sa,4,1000004,784639.0576,785365.9324
3,0,sa,5,1000005,783981.4484,785365.9324
3,0,sa,6,1000006,785250.2924,785365.9324
3,0,sa,7,1000007,785212.4220,785365.9324
3,0,sa,8,1000008,787172.1219,785365.9324
3,0,sa,9,1000009,786922.6507,785365.9324
3,0,sa,10,1000010,786148.0014,785365.9324
3,0,sa,11,1000011,786288.0162,785365.9324
3,0,sa,12,1000012,782719.8024,785365.9324
3,0,sa,13,1000013,787249.7329,785365.9324
3,0,sa,14,1000014,784448.1092,785365.9324
3,0,sa,15,1000015,783197.2164,785365.9324
3,0,sa,16,1000016,784825.9649,785365.9324
3,0,sa,17,1000017,787420.2352,785365.9324
3,0,sa,18,1000018,786490.7794,785365.9324
3,0,sa,19,1000019,785883.1228,785365.9324
3,0,sa,20,1000020,786373.0460,785365.9324
3,0,sa,21,1000021,785745.7773,785365.9324
3,0,sa,22,1000022,786850.8597,785365.9324
3,0,sa,23,1000023,783467.4390,785365.9324
3,0,sa,24,1000024,784157.0881,785365.9324
3,0,sa,25,1000025,783500.3264,785365.9324
3,0,sa,26,1000026,784206.2971,785365.9324
3,0,sa,27,1000027,785947.1362,785365.9324
3,0,sa,28,1000028,786796.3420,785365.9324
3,0,sa,29,1000029,783992.1822,785365.9324
3,0,sa_k,0,1000000,788183.7192,787257.2794
3,0,sa_k,1,1000001,788074.5324,787257.2794
3,0,sa_k,2,1000002,787147.8989,787257.2794
3,0,sa_k,3,1000003,784915.6215,787257.2794
3,0,sa_k,4,1000004,786538.2710,787257.2794
3,0,sa_k,5,1000005,785858.4449,787257.2794
3,0,sa_k,6,1000006,787151.7778,787257.2794
3,0,sa_k,7,1000007,787086.6311,787257.2794
3,0,sa_k,8,1000008,789034.0829,787257.2794
3,0,sa_k,9,1000009,788832.6786,787257.2794
3,0,sa_k,10,1000010,788038.3274,787257.2794
3,0,sa_k,11,1000011,788170.4086,787257.2794
3,0,sa_k,12,1000012,784622.7634,787257.2794
3,0,sa_k,13,1000013,789127.7091,787257.2794
3,0,sa_k,14,1000014,786329.5053,787257.2794
3,0,sa_k,15,1000015,785097.6004,787257.2794
3,0,sa_k,16,1000016,786722.0892,787257.2794
3,0,sa_k,17,1000017,789291.5088,787257.2794
3,0,sa_k,18,1000018,788409.9341,787257.2794
3,0,sa_k,19,1000019,787780.8328,787257.2794
3,0,sa_k,20,1000020,788265.7038,787257.2794
3,0,sa_k,21,1000021,787647.0440,787257.2794
3,0,sa_k,22,1000022,788725.7460,787257.2794
3,0,sa_k,23,1000023,785354.8168,787257.2794
3,0,sa_k,24,1000024,786026.8293,787257.2794
3,0,sa_k,25,1000025,785363.0957,787257.2794
3,0,sa_k,26,1000026,786101.1025,787257.2794
3,0,sa_k,27,1000027,787864.1480,787257.2794
3,0,sa_k,28,1000028,788683.5322,787257.2794
3,0,sa_k,29,1000029,785863.1647,787257.2794
3,1,baseline,0,1000000,770561.2124,769612.7303
3,1,baseline,1,1000001,770380.0688,769612.7303
3,1,baseline,2,1000002,769530.2398,769612.7303
3,1,baseline,3,1000003,767274.1975,769612.7303
3,1,baseline,4,1000004,768885.9518,769612.7303
3,1,baseline,5,1000005,768225.7046,769612.7303
3,1,baseline,6,1000006,769513.9886,769612.7303
3,1,baseline,7,1000007,769425.5480,769612.7303
3,1,baseline,8,1000008,771405.8040,769612.7303
3,1,baseline,9,1000009,771196.5840,769612.7303
3,1,baseline,10,1000010,770346.8677,769612.7303
3,1,baseline,11,1000011,770497.9889,769612.7303
3,1,baseline,12,1000012,767038.1578,769612.7303
3,1,baseline,13,1000013,771448.0260,769612.7303
3,1,baseline,14,1000014,768706.2961,769612.7303
3,1,baseline,15,1000015,767540.7954,769612.7303
3,1,baseline,16,1000016,769062.4945,769612.7303
3,1,baseline,17,1000017,771641.9975,769612.7303
3,1,baseline,18,1000018,770721.0697,769612.7303
3,1,baseline,19,1000019,770123.7668,769612.7303
3,1,baseline,20,1000020,770594.2094,769612.7303
3,1,baseline,21,1000021,769989.2714,769612.7303
3,1,baseline,22,1000022,771025.3383,769612.7303
3,1,baseline,23,1000023,767732.1992,769612.7303
3,1,baseline,24,1000024,768412.2545,769612.7303
3,1,baseline,25,1000025,767752.3726,769612.7303
3,1,baseline,26,1000026,768435.6141,769612.7303
3,1,baseline,27,1000027,770195.9043,769612.7303
3,1,baseline,28,1000028,771020.0913,769612.7303
3,1,baseline,29,1000029,768244.7427,769612.7303
3,1,optimized,0,1000000,786670.6901,785730.2880
3,1,optimized,1,1000001,786558.8053,785730.2880
3,1,optimized,2,1000002,785651.9793,785730.2880
3,1,optimized,3,1000003,783376.1661,785730.2880
3,1,optimized,4,1000004,785005.0023,785730.2880
3,1,optimized,5,1000005,784353.3346,785730.2880
3,1,optimized,6,1000006,785625.7424,785730.2880
3,1,optimized,7,1000007,785561.8065,785730.2880
3,1,optimized,8,1000008,787534.1733,785730.2880
3,1,optimized,9,1000009,787285.3056,785730.2880
3,1,optimized,10,1000010,786501.4934,785730.2880
3,1,optimized,11,1000011,786642.5694,785730.2880
3,1,optimized,12,1000012,783080.7992,785730.2880
3,1,optimized,13,1000013,787618.9583,785730.2880
3,1,optimized,14,1000014,784825.5753,785730.2880
3,1,optimized,15,1000015,783564.1421,785730.2880
3,1,optimized,16,1000016,785198.9970,785730.2880
3,1,optimized,17,1000017,787775.8369,785730.2880
3,1,optimized,18,1000018,786845.6552,785730.2880
3,1,optimized,19,1000019,786247.7022,785730.2880
3,1,optimized,20,1000020,786729.1386,785730.2880
3,1,optimized,21,1000021,786111.2482,785730.2880
3,1,optimized,22,1000022,787214.2998,785730.2880
3,1,optimized,23,1000023,783824.0549,785730.2880
3,1,optimized,24,1000024,784521.3887,785730.2880
3,1,optimized,25,1000025,783853.2145,785730.2880
3,1,optimized,26,1000026,784572.9236,785730.2880
3,1,optimized,27,1000027,786321.1585,785730.2880
3,1,optimized,28,1000028,787155.6641,785730.2880
3,1,optimized,29,1000029,784354.5678,785730.2880
3,1,rs,0,1000000,781016.5830,780056.7831
3,1,rs,1,1000001,780868.4061,780056.7831
3,1,rs,2,1000002,779945.0679,780056.7831
3,1,rs,3,1000003,777696.4281,780056.7831
3,1,rs,4,1000004,779360.4529,780056.7831
3,1,rs,5,1000005,778644.0189,780056.7831
3,1,rs,6,1000006,779903.1684,780056.7831
3,1,rs,7,1000007,779897.6972,780056.7831
3,1,rs,8,1000008,781912.9364,780056.7831
3,1,rs,9,1000009,781632.8565,780056.7831
3,1,rs,10,1000010,780819.1273,780056.7831
3,1,rs,11,1000011,780963.5179,780056.7831
3,1,rs,12,1000012,777400.0471,780056.7831
3,1,rs,13,1000013,781909.6324,780056.7831
3,1,rs,14,1000014,779158.0596,780056.7831
3,1,rs,15,1000015,777870.2689,780056.7831
3,1,rs,16,1000016,779494.9096,780056.7831
3,1,rs,17,1000017,782114.0060,780056.7831
3,1,rs,18,1000018,781158.8892,780056.7831
3,1,rs,19,1000019,780570.0063,780056.7831
3,1,rs,20,1000020,781076.4112,780056.7831
3,1,rs,21,1000021,780480.3934,780056.7831
3,1,rs,22,1000022,781550.7512,780056.7831
3,1,rs,23,1000023,778148.5333,780056.7831
3,1,rs,24,1000024,778847.8011,780056.7831
3,1,rs,25,1000025,778225.4111,780056.7831
3,1,rs,26,1000026,778876.7306,780056.7831
3,1,rs,27,1000027,780679.5104,780056.7831
3,1,rs,28,1000028,781504.2060,780056.7831
3,1,rs,29,1000029,778675.6314,780056.7831
3,1,sa,0,1000000,785526.4856,784573.0404
3,1,sa,1,1000001,785398.2812,784573.0404
3,1,sa,2,1000002,784482.6600,784573.0404
3,1,sa,3,1000003,782209.6838,784573.0404
3,1,sa,4,1000004,783845.0498,784573.0404
3,1,sa,5,1000005,783199.7761,784573.0404
3,1,sa,6,1000006,784467.9747,784573.0404
3,1,sa,7,1000007,784421.1975,784573.0404
3,1,sa,8,1000008,786380.5453,784573.0404
3,1,sa,9,1000009,786133.3221,784573.0404
3,1,sa,10,1000010,785365.0632,784573.0404
3,1,sa,11,1000011,785481.2282,784573.0404
3,1,sa,12,1000012,781929.5165,784573.0404
3,1,sa,13,1000013,786470.9157,784573.0404
3,1,sa,14,1000014,783649.1412,784573.0404
3,1,sa,15,1000015,782404.9537,784573.0404
3,1,sa,16,1000016,784030.9576,784573.0404
3,1,sa,17,1000017,786643.2258,784573.0404
3,1,sa,18,1000018,785688.2005,784573.0404
3,1,sa,19,1000019,785086.5527,784573.0404
3,1,sa,20,1000020,785594.9655,784573.0404
3,1,sa,21,1000021,784957.8871,784573.0404
3,1,sa,22,1000022,786069.2778,784573.0404
3,1,sa,23,1000023,782675.2781,784573.0404
3,1,sa,24,1000024,783357.9618,784573.0404
3,1,sa,25,1000025,782699.9499,784573.0404
3,1,sa,26,1000026,783408.4347,784573.0404
3,1,sa,27,1000027,785157.6892,784573.0404
3,1,sa,28,1000028,786002.2524,784573.0404
3,1,sa,29,1000029,783190.5580,784573.0404
3,1,sa_k,0,1000000,787443.1567,786501.7233
3,1,sa_k,1,1000001,787329.0248,786501.7233
3,1,sa_k,2,1000002,786406.1568,786501.7233
3,1,sa_k,3,1000003,784144.4204,786501.7233
3,1,sa_k,4,1000004,785759.7472,786501.7233
3,1,sa_k,5,1000005,785113.1908,786501.7233
3,1,sa_k,6,1000006,786400.7379,786501.7233
3,1,sa_k,7,1000007,786319.1718,786501.7233
3,1,sa_k,8,1000008,788281.0460,786501.7233
3,1,sa_k,9,1000009,788077.0648,786501.7233
3,1,sa_k,10,1000010,787277.0447,786501.7233
3,1,sa_k,11,1000011,787406.4222,786501.7233
3,1,sa_k,12,1000012,783851.8111,786501.7233
3,1,sa_k,13,1000013,788379.7495,786501.7233
3,1,sa_k,14,1000014,785572.7711,786501.7233
3,1,sa_k,15,1000015,784339.8744,786501.7233
3,1,sa_k,16,1000016,785975.5551,786501.7233
3,1,sa_k,17,1000017,788537.5699,786501.7233
3,1,sa_k,18,1000018,787645.7226,786501.7233
3,1,sa_k,19,1000019,787028.8230,786501.7233
3,1,sa_k,20,1000020,787500.2211,786501.7233
3,1,sa_k,21,1000021,786888.9035,786501.7233
3,1,sa_k,22,1000022,787968.9861,786501.7233
3,1,sa_k,23,1000023,784600.4256,786501.7233
3,1,sa_k,24,1000024,785296.9690,786501.7233
3,1,sa_k,25,1000025,784623.3188,786501.7233
3,1,sa_k,26,1000026,785342.1783,786501.7233
3,1,sa_k,27,1000027,787096.9925,786501.7233
3,1,sa_k,28,1000028,787936.2573,786501.7233
3,1,sa_k,29,1000029,785104.9564,786501.7233
3,2,baseline,0,1000000,770561.2124,769612.7303
3,2,baseline,1,1000001,770380.0688,769612.7303
3,2,baseline,2,1000002,769530.2398,769612.7303
3,2,baseline,3,1000003,767274.1975,769612.7303
3,2,baseline,4,1000004,768885.9518,769612.7303
3,2,baseline,5,1000005,768225.7046,769612.7303
3,2,baseline,6,1000006,769513.9886,769612.7303
3,2,baseline,7,1000007,769425.5480,769612.7303
3,2,baseline,8,1000008,771405.8040,769612.7303
3,2,baseline,9,1000009,771196.5840,769612.7303
3,2,baseline,10,1000010,770346.8677,769612.7303
3,2,baseline,11,1000011,770497.9889,769612.7303
3,2,baseline,12,1000012,767038.1578,769612.7303
3,2,baseline,13,1000013,771448.0260,769612.7303
3,2,baseline,14,1000014,768706.2961,769612.7303
3,2,baseline,15,1000015,767540.7954,769612.7303
3,2,baseline,16,1000016,769062.4945,769612.7303
3,2,baseline,17,1000017,771641.9975,769612.7303
3,2,baseline,18,1000018,770721.0697,769612.7303
3,2,baseline,19,1000019,770123.7668,769612.7303
3,2,baseline,20,1000020,770594.2094,769612.7303
3,2,baseline,21,1000021,769989.2714,769612.7303
3,2,baseline,22,1000022,771025.3383,769612.7303
3,2,baseline,23,1000023,767732.1992,769612.7303
3,2,baseline,24,1000024,768412.2545,769612.7303
3,2,baseline,25,1000025,767752.3726,769612.7303
3,2,baseline,26,1000026,768435.6141,769612.7303
3,2,baseline,27,1000027,770195.9043,769612.7303
3,2,baseline,28,1000028,771020.0913,769612.7303
3,2,baseline,29,1000029,768244.7427,769612.7303
3,2,optimized,0,1000000,785153.8118,784206.0709
3,2,optimized,1,1000001,785030.2607,784206.0709
3,2,optimized,2,1000002,784107.5609,784206.0709
3,2,optimized,3,1000003,781849.8064,784206.0709
3,2,optimized,4,1000004,783472.3501,784206.0709
3,2,optimized,5,1000005,782848.0328,784206.0709
3,2,optimized,6,1000006,784089.1982,784206.0709
3,2,optimized,7,1000007,784063.0752,784206.0709
3,2,optimized,8,1000008,786008.5767,784206.0709
3,2,optimized,9,1000009,785772.2522,784206.0709
3,2,optimized,10,1000010,785001.5306,784206.0709
3,2,optimized,11,1000011,785102.7209,784206.0709
3,2,optimized,12,1000012,781563.6536,784206.0709
3,2,optimized,13,1000013,786106.4844,784206.0709
3,2,optimized,14,1000014,783281.5576,784206.0709
3,2,optimized,15,1000015,782044.1986,784206.0709
3,2,optimized,16,1000016,783658.0376,784206.0709
3,2,optimized,17,1000017,786267.0049,784206.0709
3,2,optimized,18,1000018,785324.0634,784206.0709
3,2,optimized,19,1000019,784728.0199,784206.0709
3,2,optimized,20,1000020,785217.3705,784206.0709
3,2,optimized,21,1000021,784583.1662,784206.0709
3,2,optimized,22,1000022,785713.1232,784206.0709
3,2,optimized,23,1000023,782320.4520,784206.0709
3,2,optimized,24,1000024,782991.8360,784206.0709
3,2,optimized,25,1000025,782330.0025,784206.0709
3,2,optimized,26,1000026,783040.8531,784206.0709
3,2,optimized,27,1000027,784797.4875,784206.0709
3,2,optimized,28,1000028,785639.1702,784206.0709
3,2,optimized,29,1000029,782819.9954,784206.0709
3,2,rs,0,1000000,782662.4787,781711.9189
3,2,rs,1,1000001,782535.6515,781711.9189
3,2,rs,2,1000002,781586.3565,781711.9189
3,2,rs,3,1000003,779354.8173,781711.9189
3,2,rs,4,1000004,780979.9363,781711.9189
3,2,rs,5,1000005,780326.5059,781711.9189
3,2,rs,6,1000006,781572.4346,781711.9189
3,2,rs,7,1000007,781554.6072,781711.9189
3,2,rs,8,1000008,783540.6274,781711.9189
3,2,rs,9,1000009,783264.5433,781711.9189
3,2,rs,10,1000010,782479.9040,781711.9189
3,2,rs,11,1000011,782605.7909,781711.9189
3,2,rs,12,1000012,779079.4210,781711.9189
3,2,rs,13,1000013,783564.1181,781711.9189
3,2,rs,14,1000014,780792.8521,781711.9189
3,2,rs,15,1000015,779546.2961,781711.9189
3,2,rs,16,1000016,781144.6083,781711.9189
3,2,rs,17,1000017,783785.6629,781711.9189
3,2,rs,18,1000018,782829.8054,781711.9189
3,2,rs,19,1000019,782216.3816,781711.9189
3,2,rs,20,1000020,782702.0782,781711.9189
3,2,rs,21,1000021,782105.0196,781711.9189
3,2,rs,22,1000022,783211.2984,781711.9189
3,2,rs,23,1000023,779814.3150,781711.9189
3,2,rs,24,1000024,780513.7551,781711.9189
3,2,rs,25,1000025,779882.3446,781711.9189
3,2,rs,26,1000026,780530.1988,781711.9189
3,2,rs,27,1000027,782332.9466,781711.9189
3,2,rs,28,1000028,783169.3098,781711.9189
3,2,rs,29,1000029,780324.4373,781711.9189
3,2,sa,0,1000000,784266.0957,783321.7088
3,2,sa,1,1000001,784142.8540,783321.7088
3,2,sa,2,1000002,783216.3693,783321.7088
3,2,sa,3,1000003,780958.4847,783321.7088
3,2,sa,4,1000004,782605.5211,783321.7088
3,2,sa,5,1000005,781932.0906,783321.7088
3,2,sa,6,1000006,783208.1700,783321.7088
3,2,sa,7,1000007,783179.6042,783321.7088
3,2,sa,8,1000008,785132.5531,783321.7088
3,2,sa,9,1000009,784886.4657,783321.7088
3,2,sa,10,1000010,784108.7201,783321.7088
3,2,sa,11,1000011,784229.7123,783321.7088
3,2,sa,12,1000012,780692.2962,783321.7088
3,2,sa,13,1000013,785201.3150,783321.7088
3,2,sa,14,1000014,782410.7403,783321.7088
3,2,sa,15,1000015,781153.9825,783321.7088
3,2,sa,16,1000016,782758.9403,783321.7088
3,2,sa,17,1000017,785376.8951,783321.7088
3,2,sa,18,1000018,784456.1929,783321.7088
3,2,sa,19,1000019,783841.9372,783321.7088
3,2,sa,20,1000020,784328.3294,783321.7088
3,2,sa,21,1000021,783700.5800,783321.7088
3,2,sa,22,1000022,784828.3577,783321.7088
3,2,sa,23,1000023,781432.3050,783321.7088
3,2,sa,24,1000024,782103.1557,783321.7088
3,2,sa,25,1000025,781464.3276,783321.7088
3,2,sa,26,1000026,782164.4731,783321.7088
3,2,sa,27,1000027,783928.9374,783321.7088
3,2,sa,28,1000028,784761.8060,783321.7088
3,2,sa,29,1000029,781927.9790,783321.7088
3,2,sa_k,0,1000000,786808.7435,785869.4700
3,2,sa_k,1,1000001,786694.1530,785869.4700
3,2,sa_k,2,1000002,785785.2915,785869.4700
3,2,sa_k,3,1000003,783512.3022,785869.4700
3,2,sa_k,4,1000004,785143.9737,785869.4700
3,2,sa_k,5,1000005,784490.9054,785869.4700
3,2,sa_k,6,1000006,785768.2633,785869.4700
3,2,sa_k,7,1000007,785697.7842,785869.4700
3,2,sa_k,8,1000008,787670.7493,785869.4700
3,2,sa_k,9,1000009,787422.5381,785869.4700
3,2,sa_k,10,1000010,786651.6782,785869.4700
3,2,sa_k,11,1000011,786781.7671,785869.4700
3,2,sa_k,12,1000012,783215.4539,785869.4700
3,2,sa_k,13,1000013,787751.8531,785869.4700
3,2,sa_k,14,1000014,784962.5698,785869.4700
3,2,sa_k,15,1000015,783702.3113,785869.4700
3,2,sa_k,16,1000016,785340.0581,785869.4700
3,2,sa_k,17,1000017,787913.1434,785869.4700
3,2,sa_k,18,1000018,786996.9447,785869.4700
3,2,sa_k,19,1000019,786389.0074,785869.4700
3,2,sa_k,20,1000020,786867.8764,785869.4700
3,2,sa_k,21,1000021,786254.2536,785869.4700
3,2,sa_k,22,1000022,787347.7858,785869.4700
3,2,sa_k,23,1000023,783960.5738,785869.4700
3,2,sa_k,24,1000024,784659.6615,785869.4700
3,2,sa_k,25,1000025,783996.9063,785869.4700
3,2,sa_k,26,1000026,784713.7770,785869.4700
3,2,sa_k,27,1000027,786455.2741,785869.4700
3,2,sa_k,28,1000028,787296.6385,785869.4700
3,2,sa_k,29,1000029,784490.7709,785869.4700
3,3,baseline,0,1000000,770561.2124,769612.7303
3,3,baseline,1,1000001,770380.0688,769612.7303
3,3,baseline,2,1000002,769530.2398,769612.7303
3,3,baseline,3,1000003,767274.1975,769612.7303
3,3,baseline,4,1000004,768885.9518,769612.7303
3,3,baseline,5,1000005,768225.7046,769612.7303
3,3,baseline,6,1000006,769513.9886,769612.7303
3,3,baseline,7,1000007,769425.5480,769612.7303
3,3,baseline,8,1000008,771405.8040,769612.7303
3,3,baseline,9,1000009,771196.5840,769612.7303
3,3,baseline,10,1000010,770346.8677,769612.7303
3,3,baseline,11,1000011,770497.9889,769612.7303
3,3,baseline,12,1000012,767038.1578,769612.7303
3,3,baseline,13,1000013,771448.0260,769612.7303
3,3,baseline,14,1000014,768706.2961,769612.7303
3,3,baseline,15,1000015,767540.7954,769612.7303
3,3,baseline,16,1000016,769062.4945,769612.7303
3,3,baseline,17,1000017,771641.9975,769612.7303
3,3,baseline,18,1000018,770721.0697,769612.7303
3,3,baseline,19,1000019,770123.7668,769612.7303
3,3,baseline,20,1000020,770594.2094,769612.7303
3,3,baseline,21,1000021,769989.2714,769612.7303
3,3,baseline,22,1000022,771025.3383,769612.7303
3,3,baseline,23,1000023,767732.1992,769612.7303
3,3,baseline,24,1000024,768412.2545,769612.7303
3,3,baseline,25,1000025,767752.3726,769612.7303
3,3,baseline,26,1000026,768435.6141,769612.7303
3,3,baseline,27,1000027,770195.9043,769612.7303
3,3,baseline,28,1000028,771020.0913,769612.7303
3,3,baseline,29,1000029,768244.7427,769612.7303
3,3,optimized,0,1000000,785708.1884,784751.6848
3,3,optimized,1,1000001,785578.7237,784751.6848
3,3,optimized,2,1000002,784670.1527,784751.6848
3,3,optimized,3,1000003,782391.3012,784751.6848
3,3,optimized,4,1000004,784023.6907,784751.6848
3,3,optimized,5,1000005,783379.4649,784751.6848
3,3,optimized,6,1000006,784639.7214,784751.6848
3,3,optimized,7,1000007,784598.6784,784751.6848
3,3,optimized,8,1000008,786553.2434,784751.6848
3,3,optimized,9,1000009,786306.8616,784751.6848
3,3,optimized,10,1000010,785540.1976,784751.6848
3,3,optimized,11,1000011,785679.3956,784751.6848
3,3,optimized,12,1000012,782108.8775,784751.6848
3,3,optimized,13,1000013,786635.0500,784751.6848
3,3,optimized,14,1000014,783833.3805,784751.6848
3,3,optimized,15,1000015,782574.9021,784751.6848
3,3,optimized,16,1000016,784202.3695,784751.6848
3,3,optimized,17,1000017,786819.9687,784751.6848
3,3,optimized,18,1000018,785873.1317,784751.6848
3,3,optimized,19,1000019,785263.0673,784751.6848
3,3,optimized,20,1000020,785771.4588,784751.6848
3,3,optimized,21,1000021,785134.6947,784751.6848
3,3,optimized,22,1000022,786246.2491,784751.6848
3,3,optimized,23,1000023,782853.8199,784751.6848
3,3,optimized,24,1000024,783543.5033,784751.6848
3,3,optimized,25,1000025,782882.1361,784751.6848
3,3,optimized,26,1000026,783595.3612,784751.6848
3,3,optimized,27,1000027,785336.5612,784751.6848
3,3,optimized,28,1000028,786179.5585,784751.6848
3,3,optimized,29,1000029,783363.6277,784751.6848
3,3,rs,0,1000000,782064.4227,781104.4559
3,3,rs,1,1000001,781923.3876,781104.4559
3,3,rs,2,1000002,780991.3815,781104.4559
3,3,rs,3,1000003,778754.7357,781104.4559
3,3,rs,4,1000004,780385.0994,781104.4559
3,3,rs,5,1000005,779709.4750,781104.4559
3,3,rs,6,1000006,780959.3493,781104.4559
3,3,rs,7,1000007,780941.7218,781104.4559
3,3,rs,8,1000008,782927.2334,781104.4559
3,3,rs,9,1000009,782656.5146,781104.4559
3,3,rs,10,1000010,781874.2802,781104.4559
3,3,rs,11,1000011,781994.0478,781104.4559
3,3,rs,12,1000012,778493.6092,781104.4559
3,3,rs,13,1000013,782963.8281,781104.4559
3,3,rs,14,1000014,780187.3445,781104.4559
3,3,rs,15,1000015,778926.1218,781104.4559
3,3,rs,16,1000016,780520.3835,781104.4559
3,3,rs,17,1000017,783179.2006,781104.4559
3,3,rs,18,1000018,782207.8949,781104.4559
3,3,rs,19,1000019,781606.5554,781104.4559
3,3,rs,20,1000020,782099.6788,781104.4559
3,3,rs,21,1000021,781500.3472,781104.4559
3,3,rs,22,1000022,782611.3268,781104.4559
3,3,rs,23,1000023,779208.4670,781104.4559
3,3,rs,24,1000024,779896.1905,781104.4559
3,3,rs,25,1000025,779264.7832,781104.4559
3,3,rs,26,1000026,779915.0025,781104.4559
3,3,rs,27,1000027,781734.0436,781104.4559
3,3,rs,28,1000028,782553.5039,781104.4559
3,3,rs,29,1000029,779717.9256,781104.4559
3,3,sa,0,1000000,784451.8406,783505.2923
3,3,sa,1,1000001,784327.0066,783505.2923
3,3,sa,2,1000002,783410.5402,783505.2923
3,3,sa,3,1000003,781145.2037,783505.2923
3,3,sa,4,1000004,782786.0714,783505.2923
3,3,sa,5,1000005,782123.5968,783505.2923
3,3,sa,6,1000006,783394.9446,783505.2923
3,3,sa,7,1000007,783361.8020,783505.2923
3,3,sa,8,1000008,785321.2666,783505.2923
3,3,sa,9,1000009,785071.6248,783505.2923
3,3,sa,10,1000010,784297.2607,783505.2923
3,3,sa,11,1000011,784418.6901,783505.2923
3,3,sa,12,1000012,780868.2605,783505.2923
3,3,sa,13,1000013,785387.3681,783505.2923
3,3,sa,14,1000014,782587.9370,783505.2923
3,3,sa,15,1000015,781344.5280,783505.2923
3,3,sa,16,1000016,782942.3906,783505.2923
3,3,sa,17,1000017,785557.5818,783505.2923
3,3,sa,18,1000018,784641.8098,783505.2923
3,3,sa,19,1000019,784018.1902,783505.2923
3,3,sa,20,1000020,784516.6733,783505.2923
3,3,sa,21,1000021,783880.6440,783505.2923
3,3,sa,22,1000022,785016.7515,783505.2923
3,3,sa,23,1000023,781611.8865,783505.2923
3,3,sa,24,1000024,782276.2635,783505.2923
3,3,sa,25,1000025,781635.5009,783505.2923
3,3,sa,26,1000026,782343.4522,783505.2923
3,3,sa,27,1000027,784109.5485,783505.2923
3,3,sa,28,1000028,784953.2754,783505.2923
3,3,sa,29,1000029,782118.7886,783505.2923
3,3,sa_k,0,1000000,787927.6717,786993.2831
3,3,sa_k,1,1000001,787824.3212,786993.2831
3,3,sa_k,2,1000002,786885.5237,786993.2831
3,3,sa_k,3,1000003,784645.5490,786993.2831
3,3,sa_k,4,1000004,786260.8361,786993.2831
3,3,sa_k,5,1000005,785598.0945,786993.2831
3,3,sa_k,6,1000006,786887.5029,786993.2831
3,3,sa_k,7,1000007,786821.6321,786993.2831
3,3,sa_k,8,1000008,788775.1657,786993.2831
3,3,sa_k,9,1000009,788557.2190,786993.2831
3,3,sa_k,10,1000010,787777.9401,786993.2831
3,3,sa_k,11,1000011,787905.9895,786993.2831
3,3,sa_k,12,1000012,784352.7321,786993.2831
3,3,sa_k,13,1000013,788870.8820,786993.2831
3,3,sa_k,14,1000014,786068.9112,786993.2831
3,3,sa_k,15,1000015,784832.4400,786993.2831
3,3,sa_k,16,1000016,786462.3886,786993.2831
3,3,sa_k,17,1000017,789017.9967,786993.2831
3,3,sa_k,18,1000018,788142.1254,786993.2831
3,3,sa_k,19,1000019,787518.6706,786993.2831
3,3,sa_k,20,1000020,787999.5860,786993.2831
3,3,sa_k,21,1000021,787379.4210,786993.2831
3,3,sa_k,22,1000022,788463.1492,786993.2831
3,3,sa_k,23,1000023,785091.2593,786993.2831
3,3,sa_k,24,1000024,785755.9918,786993.2831
3,3,sa_k,25,1000025,785104.6665,786993.2831
3,3,sa_k,26,1000026,785833.4412,786993.2831
3,3,sa_k,27,1000027,787588.9506,786993.2831
3,3,sa_k,28,1000028,788421.7808,786993.2831
3,3,sa_k,29,1000029,785601.7263,786993.2831
3,4,baseline,0,1000000,770561.2124,769612.7303
3,4,baseline,1,1000001,770380.0688,769612.7303
3,4,baseline,2,1000002,769530.2398,769612.7303
3,4,baseline,3,1000003,767274.1975,769612.7303
3,4,baseline,4,1000004,768885.9518,769612.7303
3,4,baseline,5,1000005,768225.7046,769612.7303
3,4,baseline,6,1000006,769513.9886,769612.7303
3,4,baseline,7,1000007,769425.5480,769612.7303
3,4,baseline,8,1000008,771405.8040,769612.7303
3,4,baseline,9,1000009,771196.5840,769612.7303
3,4,baseline,10,1000010,770346.8677,769612.7303
3,4,baseline,11,1000011,770497.9889,769612.7303
3,4,baseline,12,1000012,767038.1578,769612.7303
3,4,baseline,13,1000013,771448.0260,769612.7303
3,4,baseline,14,1000014,768706.2961,769612.7303
3,4,baseline,15,1000015,767540.7954,769612.7303
3,4,baseline,16,1000016,769062.4945,769612.7303
3,4,baseline,17,1000017,771641.9975,769612.7303
3,4,baseline,18,1000018,770721.0697,769612.7303
3,4,baseline,19,1000019,770123.7668,769612.7303
3,4,baseline,20,1000020,770594.2094,769612.7303
3,4,baseline,21,1000021,769989.2714,769612.7303
3,4,baseline,22,1000022,771025.3383,769612.7303
3,4,baseline,23,1000023,767732.1992,769612.7303
3,4,baseline,24,1000024,768412.2545,769612.7303
3,4,baseline,25,1000025,767752.3726,769612.7303
3,4,baseline,26,1000026,768435.6141,769612.7303
3,4,baseline,27,1000027,770195.9043,769612.7303
3,4,baseline,28,1000028,771020.0913,769612.7303
3,4,baseline,29,1000029,768244.7427,769612.7303
3,4,optimized,0,1000000,786501.6626,785566.7922
3,4,optimized,1,1000001,786394.5700,785566.7922
3,4,optimized,2,1000002,785493.2130,785566.7922
3,4,optimized,3,1000003,783213.4518,785566.7922
3,4,optimized,4,1000004,784841.5240,785566.7922
3,4,optimized,5,1000005,784185.1088,785566.7922
3,4,optimized,6,1000006,785460.1225,785566.7922
3,4,optimized,7,1000007,785399.9928,785566.7922
3,4,optimized,8,1000008,787372.2756,785566.7922
3,4,optimized,9,1000009,787121.8128,785566.7922
3,4,optimized,10,1000010,786346.5500,785566.7922
3,4,optimized,11,1000011,786481.5159,785566.7922
3,4,optimized,12,1000012,782925.2841,785566.7922
3,4,optimized,13,1000013,787445.1957,785566.7922
3,4,optimized,14,1000014,784653.5838,785566.7922
3,4,optimized,15,1000015,783400.5070,785566.7922
3,4,optimized,16,1000016,785033.5149,785566.7922
3,4,optimized,17,1000017,787615.8103,785566.7922
3,4,optimized,18,1000018,786686.9257,785566.7922
3,4,optimized,19,1000019,786077.7717,785566.7922
3,4,optimized,20,1000020,786564.7280,785566.7922
3,4,optimized,21,1000021,785952.4337,785566.7922
3,4,optimized,22,1000022,787054.0424,785566.7922
3,4,optimized,23,1000023,783660.7574,785566.7922
3,4,optimized,24,1000024,784356.6250,785566.7922
3,4,optimized,25,1000025,783690.6270,785566.7922
3,4,optimized,26,1000026,784402.0631,785566.7922
3,4,optimized,27,1000027,786157.3659,785566.7922
3,4,optimized,28,1000028,786991.5554,785566.7922
3,4,optimized,29,1000029,784193.6730,785566.7922
3,4,rs,0,1000000,781232.0110,780280.8393
3,4,rs,1,1000001,781092.0290,780280.8393
3,4,rs,2,1000002,780169.6969,780280.8393
3,4,rs,3,1000003,777924.6422,780280.8393
3,4,rs,4,1000004,779565.4135,780280.8393
3,4,rs,5,1000005,778871.9400,780280.8393
3,4,rs,6,1000006,780109.4144,780280.8393
3,4,rs,7,1000007,780112.9051,780280.8393
3,4,rs,8,1000008,782128.1024,780280.8393
3,4,rs,9,1000009,781844.0809,780280.8393
3,4,rs,10,1000010,781041.8220,780280.8393
3,4,rs,11,1000011,781181.2509,780280.8393
3,4,rs,12,1000012,777631.8114,780280.8393
3,4,rs,13,1000013,782139.3699,780280.8393
3,4,rs,14,1000014,779391.7070,780280.8393
3,4,rs,15,1000015,778097.6787,780280.8393
3,4,rs,16,1000016,779715.6839,780280.8393
3,4,rs,17,1000017,782339.0345,780280.8393
3,4,rs,18,1000018,781389.0252,780280.8393
3,4,rs,19,1000019,780791.1464,780280.8393
3,4,rs,20,1000020,781294.0319,780280.8393
3,4,rs,21,1000021,780699.4932,780280.8393
3,4,rs,22,1000022,781785.3649,780280.8393
3,4,rs,23,1000023,778378.3624,780280.8393
3,4,rs,24,1000024,779085.0656,780280.8393
3,4,rs,25,1000025,778440.3547,780280.8393
3,4,rs,26,1000026,779101.4025,780280.8393
3,4,rs,27,1000027,780907.0769,780280.8393
3,4,rs,28,1000028,781725.5870,780280.8393
3,4,rs,29,1000029,778891.5575,780280.8393
3,4,sa,0,1000000,784795.3662,783855.3967
3,4,sa,1,1000001,784680.9099,783855.3967
3,4,sa,2,1000002,783756.6874,783855.3967
3,4,sa,3,1000003,781496.8263,783855.3967
3,4,sa,4,1000004,783129.5660,783855.3967
3,4,sa,5,1000005,782475.3952,783855.3967
3,4,sa,6,1000006,783738.2212,783855.3967
3,4,sa,7,1000007,783709.4871,783855.3967
3,4,sa,8,1000008,785658.9129,783855.3967
3,4,sa,9,1000009,785423.4403,783855.3967
3,4,sa,10,1000010,784653.9047,783855.3967
3,4,sa,11,1000011,784759.7786,783855.3967
3,4,sa,12,1000012,781212.4519,783855.3967
3,4,sa,13,1000013,785747.3862,783855.3967
3,4,sa,14,1000014,782939.4727,783855.3967
3,4,sa,15,1000015,781701.7866,783855.3967
3,4,sa,16,1000016,783304.5422,783855.3967
3,4,sa,17,1000017,785912.8394,783855.3967
3,4,sa,18,1000018,784976.4689,783855.3967
3,4,sa,19,1000019,784383.5358,783855.3967
3,4,sa,20,1000020,784865.8845,783855.3967
3,4,sa,21,1000021,784233.2015,783855.3967
3,4,sa,22,1000022,785364.6444,783855.3967
3,4,sa,23,1000023,781955.4328,783855.3967
3,4,sa,24,1000024,782627.2241,783855.3967
3,4,sa,25,1000025,781982.9569,783855.3967
3,4,sa,26,1000026,782696.1017,783855.3967
3,4,sa,27,1000027,784452.6530,783855.3967
3,4,sa,28,1000028,785291.1063,783855.3967
3,4,sa,29,1000029,782465.3776,783855.3967
3,4,sa_k,0,1000000,787895.1561,786960.0984
3,4,sa_k,1,1000001,787790.0659,786960.0984
3,4,sa_k,2,1000002,786852.9543,786960.0984
3,4,sa_k,3,1000003,784612.6172,786960.0984
3,4,sa_k,4,1000004,786228.5970,786960.0984
3,4,sa_k,5,1000005,785565.0609,786960.0984
3,4,sa_k,6,1000006,786856.6646,786960.0984
3,4,sa_k,7,1000007,786789.0168,786960.0984
3,4,sa_k,8,1000008,788742.4907,786960.0984
3,4,sa_k,9,1000009,788522.4061,786960.0984
3,4,sa_k,10,1000010,787745.6117,786960.0984
3,4,sa_k,11,1000011,787870.5306,786960.0984
3,4,sa_k,12,1000012,784318.0953,786960.0984
3,4,sa_k,13,1000013,788838.5517,786960.0984
3,4,sa_k,14,1000014,786035.3199,786960.0984
3,4,sa_k,15,1000015,784800.0621,786960.0984
3,4,sa_k,16,1000016,786427.9471,786960.0984
3,4,sa_k,17,1000017,788985.9752,786960.0984
3,4,sa_k,18,1000018,788109.2488,786960.0984
3,4,sa_k,19,1000019,787484.6006,786960.0984
3,4,sa_k,20,1000020,787967.9152,786960.0984
3,4,sa_k,21,1000021,787346.3100,786960.0984
3,4,sa_k,22,1000022,788428.9477,786960.0984
3,4,sa_k,23,1000023,785058.2102,786960.0984
3,4,sa_k,24,1000024,785721.4981,786960.0984
3,4,sa_k,25,1000025,785071.3383,786960.0984
3,4,sa_k,26,1000026,785802.7517,786960.0984
3,4,sa_k,27,1000027,787558.0996,786960.0984
3,4,sa_k,28,1000028,788390.4871,786960.0984
3,4,sa_k,29,1000029,785566.7830,786960.0984
10,0,baseline,0,1000000,770561.2124,769612.7303
10,0,baseline,1,1000001,770380.0688,769612.7303
10,0,baseline,2,1000002,769530.2398,769612.7303
10,0,baseline,3,1000003,767274.1975,769612.7303
10,0,baseline,4,1000004,768885.9518,769612.7303
10,0,baseline,5,1000005,768225.7046,769612.7303
10,0,baseline,6,1000006,769513.9886,769612.7303
10,0,baseline,7,1000007,769425.5480,769612.7303
10,0,baseline,8,1000008,771405.8040,769612.7303
10,0,baseline,9,1000009,771196.5840,769612.7303
10,0,baseline,10,1000010,770346.8677,769612.7303
10,0,baseline,11,1000011,770497.9889,769612.7303
10,0,baseline,12,1000012,767038.1578,769612.7303
10,0,baseline,13,1000013,771448.0260,769612.7303
10,0,baseline,14,1000014,768706.2961,769612.7303
10,0,baseline,15,1000015,767540.7954,769612.7303
10,0,baseline,16,1000016,769062.4945,769612.7303
10,0,baseline,17,1000017,771641.9975,769612.7303
10,0,baseline,18,1000018,770721.0697,769612.7303
10,0,baseline,19,1000019,770123.7668,769612.7303
10,0,baseline,20,1000020,770594.2094,769612.7303
10,0,baseline,21,1000021,769989.2714,769612.7303
10,0,baseline,22,1000022,771025.3383,769612.7303
10,0,baseline,23,1000023,767732.1992,769612.7303
10,0,baseline,24,1000024,768412.2545,769612.7303
10,0,baseline,25,1000025,767752.3726,769612.7303
10,0,baseline,26,1000026,768435.6141,769612.7303
10,0,baseline,27,1000027,770195.9043,769612.7303
10,0,baseline,28,1000028,771020.0913,769612.7303
10,0,baseline,29,1000029,768244.7427,769612.7303
10,0,optimized,0,1000000,787413.1522,786471.2576
10,0,optimized,1,1000001,787298.3742,786471.2576
10,0,optimized,2,1000002,786377.6366,786471.2576
10,0,optimized,3,1000003,784112.1199,786471.2576
10,0,optimized,4,1000004,785726.7402,786471.2576
10,0,optimized,5,1000005,785082.0161,786471.2576
10,0,optimized,6,1000006,786368.6167,786471.2576
10,0,optimized,7,1000007,786287.8290,786471.2576
10,0,optimized,8,1000008,788254.4690,786471.2576
10,0,optimized,9,1000009,788043.3936,786471.2576
10,0,optimized,10,1000010,787246.8788,786471.2576
10,0,optimized,11,1000011,787378.4705,786471.2576
10,0,optimized,12,1000012,783823.6182,786471.2576
10,0,optimized,13,1000013,788345.1151,786471.2576
10,0,optimized,14,1000014,785545.0692,786471.2576
10,0,optimized,15,1000015,784305.6937,786471.2576
10,0,optimized,16,1000016,785945.0742,786471.2576
10,0,optimized,17,1000017,788507.6018,786471.2576
10,0,optimized,18,1000018,787614.9918,786471.2576
10,0,optimized,19,1000019,786997.4033,786471.2576
10,0,optimized,20,1000020,787471.7374,786471.2576
10,0,optimized,21,1000021,786862.0562,786471.2576
10,0,optimized,22,1000022,787941.9349,786471.2576
10,0,optimized,23,1000023,784570.4152,786471.2576
10,0,optimized,24,1000024,785265.3416,786471.2576
10,0,optimized,25,1000025,784595.2921,786471.2576
10,0,optimized,26,1000026,785314.5783,786471.2576
10,0,optimized,27,1000027,787066.9126,786471.2576
10,0,optimized,28,1000028,787902.7905,786471.2576
10,0,optimized,29,1000029,785075.8646,786471.2576
10,0,rs,0,1000000,781736.0737,780773.7942
10,0,rs,1,1000001,781590.9714,780773.7942
10,0,rs,2,1000002,780668.9102,780773.7942
10,0,rs,3,1000003,778422.4637,780773.7942
10,0,rs,4,1000004,780055.4366,780773.7942
10,0,rs,5,1000005,779372.3608,780773.7942
10,0,rs,6,1000006,780615.7523,780773.7942
10,0,rs,7,1000007,780611.3469,780773.7942
10,0,rs,8,1000008,782605.8227,780773.7942
10,0,rs,9,1000009,782328.2652,780773.7942
10,0,rs,10,1000010,781544.0433,780773.7942
10,0,rs,11,1000011,781662.6262,780773.7942
10,0,rs,12,1000012,778146.4502,780773.7942
10,0,rs,13,1000013,782633.1476,780773.7942
10,0,rs,14,1000014,779865.4329,780773.7942
10,0,rs,15,1000015,778590.2858,780773.7942
10,0,rs,16,1000016,780197.7475,780773.7942
10,0,rs,17,1000017,782833.5480,780773.7942
10,0,rs,18,1000018,781877.7665,780773.7942
10,0,rs,19,1000019,781278.2065,780773.7942
10,0,rs,20,1000020,781768.3663,780773.7942
10,0,rs,21,1000021,781184.9391,780773.7942
10,0,rs,22,1000022,782283.1296,780773.7942
10,0,rs,23,1000023,778873.8325,780773.7942
10,0,rs,24,1000024,779572.3805,780773.7942
10,0,rs,25,1000025,778941.8062,780773.7942
10,0,rs,26,1000026,779581.7868,780773.7942
10,0,rs,27,1000027,781403.6461,780773.7942
10,0,rs,28,1000028,782226.4723,780773.7942
10,0,rs,29,1000029,779384.5064,780773.7942
10,0,sa,0,1000000,785948.6142,784996.4892
10,0,sa,1,1000001,785831.5501,784996.4892
10,0,sa,2,1000002,784915.8583,784996.4892
10,0,sa,3,1000003,782635.8355,784996.4892
10,0,sa,4,1000004,784275.3854,784996.4892
10,0,sa,5,1000005,783619.9364,784996.4892
10,0,sa,6,1000006,784887.5173,784996.4892
10,0,sa,7,1000007,784838.4291,784996.4892
10,0,sa,8,1000008,786798.6072,784996.4892
10,0,sa,9,1000009,786552.2971,784996.4892
10,0,sa,10,1000010,785785.7710,784996.4892
10,0,sa,11,1000011,785930.7879,784996.4892
10,0,sa,12,1000012,782356.6213,784996.4892
10,0,sa,13,1000013,786877.7203,784996.4892
10,0,sa,14,1000014,784081.6284,784996.4892
10,0,sa,15,1000015,782824.7912,784996.4892
10,0,sa,16,1000016,784446.7651,784996.4892
10,0,sa,17,1000017,787060.2827,784996.4892
10,0,sa,18,1000018,786119.5556,784996.4892
10,0,sa,19,1000019,785511.7941,784996.4892
10,0,sa,20,1000020,786014.0449,784996.4892
10,0,sa,21,1000021,785374.5868,784996.4892
10,0,sa,22,1000022,786492.0959,784996.4892
10,0,sa,23,1000023,783102.4885,784996.4892
10,0,sa,24,1000024,783792.9353,784996.4892
10,0,sa,25,1000025,783115.9803,784996.4892
10,0,sa,26,1000026,783840.1462,784996.4892
10,0,sa,27,1000027,785580.4525,784996.4892
10,0,sa,28,1000028,786412.9377,784996.4892
10,0,sa,29,1000029,783612.3694,784996.4892
10,0,sa_k,0,1000000,788326.6966,787394.3969
10,0,sa_k,1,1000001,788216.7998,787394.3969
10,0,sa_k,2,1000002,787277.3301,787394.3969
10,0,sa_k,3,1000003,785045.4678,787394.3969
10,0,sa_k,4,1000004,786673.7881,787394.3969
10,0,sa_k,5,1000005,785993.2511,787394.3969
10,0,sa_k,6,1000006,787291.4821,787394.3969
10,0,sa_k,7,1000007,787217.5083,787394.3969
10,0,sa_k,8,1000008,789168.2195,787394.3969
10,0,sa_k,9,1000009,788963.6361,787394.3969
10,0,sa_k,10,1000010,788168.4124,787394.3969
10,0,sa_k,11,1000011,788305.8623,787394.3969
10,0,sa_k,12,1000012,784752.6219,787394.3969
10,0,sa_k,13,1000013,789270.7840,787394.3969
10,0,sa_k,14,1000014,786461.6717,787394.3969
10,0,sa_k,15,1000015,785236.6555,787394.3969
10,0,sa_k,16,1000016,786859.6833,787394.3969
10,0,sa_k,17,1000017,789425.9422,787394.3969
10,0,sa_k,18,1000018,788554.1025,787394.3969
10,0,sa_k,19,1000019,787918.1194,787394.3969
10,0,sa_k,20,1000020,788397.5764,787394.3969
10,0,sa_k,21,1000021,787787.3619,787394.3969
10,0,sa_k,22,1000022,788861.8852,787394.3969
10,0,sa_k,23,1000023,785489.8841,787394.3969
10,0,sa_k,24,1000024,786159.8161,787394.3969
10,0,sa_k,25,1000025,785505.4025,787394.3969
10,0,sa_k,26,1000026,786238.9659,787394.3969
10,0,sa_k,27,1000027,787999.5654,787394.3969
10,0,sa_k,28,1000028,788827.0903,787394.3969
10,0,sa_k,29,1000029,786001.9309,787394.3969
10,1,baseline,0,1000000,770561.2124,769612.7303
10,1,baseline,1,1000001,770380.0688,769612.7303
10,1,baseline,2,1000002,769530.2398,769612.7303
10,1,baseline,3,1000003,767274.1975,769612.7303
10,1,baseline,4,1000004,768885.9518,769612.7303
10,1,baseline,5,1000005,768225.7046,769612.7303
10,1,baseline,6,1000006,769513.9886,769612.7303
10,1,baseline,7,1000007,769425.5480,769612.7303
10,1,baseline,8,1000008,771405.8040,769612.7303
10,1,baseline,9,1000009,771196.5840,769612.7303
10,1,baseline,10,1000010,770346.8677,769612.7303
10,1,baseline,11,1000011,770497.9889,769612.7303
10,1,baseline,12,1000012,767038.1578,769612.7303
10,1,baseline,13,1000013,771448.0260,769612.7303
10,1,baseline,14,1000014,768706.2961,769612.7303
10,1,baseline,15,1000015,767540.7954,769612.7303
10,1,baseline,16,1000016,769062.4945,769612.7303
10,1,baseline,17,1000017,771641.9975,769612.7303
10,1,baseline,18,1000018,770721.0697,769612.7303
10,1,baseline,19,1000019,770123.7668,769612.7303
10,1,baseline,20,1000020,770594.2094,769612.7303
10,1,baseline,21,1000021,769989.2714,769612.7303
10,1,baseline,22,1000022,771025.3383,769612.7303
10,1,baseline,23,1000023,767732.1992,769612.7303
10,1,baseline,24,1000024,768412.2545,769612.7303
10,1,baseline,25,1000025,767752.3726,769612.7303
10,1,baseline,26,1000026,768435.6141,769612.7303
10,1,baseline,27,1000027,770195.9043,769612.7303
10,1,baseline,28,1000028,771020.0913,769612.7303
10,1,baseline,29,1000029,768244.7427,769612.7303
10,1,optimized,0,1000000,787688.6010,786751.2326
10,1,optimized,1,1000001,787581.4374,786751.2326
10,1,optimized,2,1000002,786634.5644,786751.2326
10,1,optimized,3,1000003,784406.3114,786751.2326
10,1,optimized,4,1000004,786016.6351,786751.2326
10,1,optimized,5,1000005,785359.4027,786751.2326
10,1,optimized,6,1000006,786653.1150,786751.2326
10,1,optimized,7,1000007,786579.4691,786751.2326
10,1,optimized,8,1000008,788530.7855,786751.2326
10,1,optimized,9,1000009,788311.8281,786751.2326
10,1,optimized,10,1000010,787532.7380,786751.2326
10,1,optimized,11,1000011,787656.1952,786751.2326
10,1,optimized,12,1000012,784104.2128,786751.2326
10,1,optimized,13,1000013,788627.5250,786751.2326
10,1,optimized,14,1000014,785823.1344,786751.2326
10,1,optimized,15,1000015,784591.3129,786751.2326
10,1,optimized,16,1000016,786222.1875,786751.2326
10,1,optimized,17,1000017,788775.8948,786751.2326
10,1,optimized,18,1000018,787890.0296,786751.2326
10,1,optimized,19,1000019,787272.6639,786751.2326
10,1,optimized,20,1000020,787756.0613,786751.2326
10,1,optimized,21,1000021,787140.6099,786751.2326
10,1,optimized,22,1000022,788217.0433,786751.2326
10,1,optimized,23,1000023,784846.2114,786751.2326
10,1,optimized,24,1000024,785528.8147,786751.2326
10,1,optimized,25,1000025,784860.5002,786751.2326
10,1,optimized,26,1000026,785589.4561,786751.2326
10,1,optimized,27,1000027,787346.8169,786751.2326
10,1,optimized,28,1000028,788192.2419,786751.2326
10,1,optimized,29,1000029,785344.5839,786751.2326
10,1,rs,0,1000000,782882.5811,781930.4798
10,1,rs,1,1000001,782759.0416,781930.4798
10,1,rs,2,1000002,781815.9571,781930.4798
10,1,rs,3,1000003,779569.1433,781930.4798
10,1,rs,4,1000004,781202.1925,781930.4798
10,1,rs,5,1000005,780538.6433,781930.4798
10,1,rs,6,1000006,781792.3968,781930.4798
10,1,rs,7,1000007,781772.5460,781930.4798
10,1,rs,8,1000008,783750.0333,781930.4798
10,1,rs,9,1000009,783499.4167,781930.4798
10,1,rs,10,1000010,782703.1279,781930.4798
10,1,rs,11,1000011,782826.2579,781930.4798
10,1,rs,12,1000012,779303.5664,781930.4798
10,1,rs,13,1000013,783788.7300,781930.4798
10,1,rs,14,1000014,781014.5489,781930.4798
10,1,rs,15,1000015,779758.8165,781930.4798
10,1,rs,16,1000016,781367.0132,781930.4798
10,1,rs,17,1000017,784002.5174,781930.4798
10,1,rs,18,1000018,783054.4257,781930.4798
10,1,rs,19,1000019,782450.3266,781930.4798
10,1,rs,20,1000020,782919.6626,781930.4798
10,1,rs,21,1000021,782314.9128,781930.4798
10,1,rs,22,1000022,783427.8929,781930.4798
10,1,rs,23,1000023,780033.3215,781930.4798
10,1,rs,24,1000024,780735.3777,781930.4798
10,1,rs,25,1000025,780101.2488,781930.4798
10,1,rs,26,1000026,780749.1604,781930.4798
10,1,rs,27,1000027,782551.3182,781930.4798
10,1,rs,28,1000028,783390.4234,781930.4798
10,1,rs,29,1000029,780541.8038,781930.4798
10,1,sa,0,1000000,787122.4652,786187.5828
10,1,sa,1,1000001,787016.5651,786187.5828
10,1,sa,2,1000002,786091.0892,786187.5828
10,1,sa,3,1000003,783836.1631,786187.5828
10,1,sa,4,1000004,785453.8599,786187.5828
10,1,sa,5,1000005,784798.3170,786187.5828
10,1,sa,6,1000006,786078.2059,786187.5828
10,1,sa,7,1000007,786001.9309,786187.5828
10,1,sa,8,1000008,787981.6114,786187.5828
10,1,sa,9,1000009,787746.9981,786187.5828
10,1,sa,10,1000010,786958.9217,786187.5828
10,1,sa,11,1000011,787099.1538,786187.5828
10,1,sa,12,1000012,783527.6643,786187.5828
10,1,sa,13,1000013,788059.7804,786187.5828
10,1,sa,14,1000014,785262.7415,786187.5828
10,1,sa,15,1000015,784013.7262,786187.5828
10,1,sa,16,1000016,785666.3610,786187.5828
10,1,sa,17,1000017,788227.3660,786187.5828
10,1,sa,18,1000018,787329.8766,786187.5828
10,1,sa,19,1000019,786722.4251,786187.5828
10,1,sa,20,1000020,787189.5982,786187.5828
10,1,sa,21,1000021,786577.1006,786187.5828
10,1,sa,22,1000022,787656.0266,786187.5828
10,1,sa,23,1000023,784278.4574,786187.5828
10,1,sa,24,1000024,784978.6772,786187.5828
10,1,sa,25,1000025,784304.5724,786187.5828
10,1,sa,26,1000026,785032.0594,786187.5828
10,1,sa,27,1000027,786784.5212,786187.5828
10,1,sa,28,1000028,787615.9955,786187.5828
10,1,sa,29,1000029,784798.0900,786187.5828
10,1,sa_k,0,1000000,788437.1157,787506.5483
10,1,sa_k,1,1000001,788329.8646,787506.5483
10,1,sa_k,2,1000002,787390.4767,787506.5483
10,1,sa_k,3,1000003,785150.2585,787506.5483
10,1,sa_k,4,1000004,786791.1945,787506.5483
10,1,sa_k,5,1000005,786101.6046,787506.5483
10,1,sa_k,6,1000006,787396.2332,787506.5483
10,1,sa_k,7,1000007,787325.9187,787506.5483
10,1,sa_k,8,1000008,789280.9698,787506.5483
10,1,sa_k,9,1000009,789070.5887,787506.5483
10,1,sa_k,10,1000010,788281.1435,787506.5483
10,1,sa_k,11,1000011,788427.0786,787506.5483
10,1,sa_k,12,1000012,784865.7893,787506.5483
10,1,sa_k,13,1000013,789388.9192,787506.5483
10,1,sa_k,14,1000014,786570.0416,787506.5483
10,1,sa_k,15,1000015,785345.6929,787506.5483
10,1,sa_k,16,1000016,786968.9118,787506.5483
10,1,sa_k,17,1000017,789540.6660,787506.5483
10,1,sa_k,18,1000018,788669.5534,787506.5483
10,1,sa_k,19,1000019,788033.7659,787506.5483
10,1,sa_k,20,1000020,788505.1582,787506.5483
10,1,sa_k,21,1000021,787897.1814,787506.5483
10,1,sa_k,22,1000022,788967.3171,787506.5483
10,1,sa_k,23,1000023,785602.0616,787506.5483
10,1,sa_k,24,1000024,786279.1205,787506.5483
10,1,sa_k,25,1000025,785613.5386,787506.5483
10,1,sa_k,26,1000026,786350.2495,787506.5483
10,1,sa_k,27,1000027,788120.5413,787506.5483
10,1,sa_k,28,1000028,788936.3799,787506.5483
10,1,sa_k,29,1000029,786112.8800,787506.5483
10,2,baseline,0,1000000,770561.2124,769612.7303
10,2,baseline,1,1000001,770380.0688,769612.7303
10,2,baseline,2,1000002,769530.2398,769612.7303
10,2,baseline,3,1000003,767274.1975,769612.7303
10,2,baseline,4,1000004,768885.9518,769612.7303
10,2,baseline,5,1000005,768225.7046,769612.7303
10,2,baseline,6,1000006,769513.9886,769612.7303
10,2,baseline,7,1000007,769425.5480,769612.7303
10,2,baseline,8,1000008,771405.8040,769612.7303
10,2,baseline,9,1000009,771196.5840,769612.7303
10,2,baseline,10,1000010,770346.8677,769612.7303
10,2,baseline,11,1000011,770497.9889,769612.7303
10,2,baseline,12,1000012,767038.1578,769612.7303
10,2,baseline,13,1000013,771448.0260,769612.7303
10,2,baseline,14,1000014,768706.2961,769612.7303
10,2,baseline,15,1000015,767540.7954,769612.7303
10,2,baseline,16,1000016,769062.4945,769612.7303
10,2,baseline,17,1000017,771641.9975,769612.7303
10,2,baseline,18,1000018,770721.0697,769612.7303
10,2,baseline,19,1000019,770123.7668,769612.7303
10,2,baseline,20,1000020,770594.2094,769612.7303
10,2,baseline,21,1000021,769989.2714,769612.7303
10,2,baseline,22,1000022,771025.3383,769612.7303
10,2,baseline,23,1000023,767732.1992,769612.7303
10,2,baseline,24,1000024,768412.2545,769612.7303
10,2,baseline,25,1000025,767752.3726,769612.7303
10,2,baseline,26,1000026,768435.6141,769612.7303
10,2,baseline,27,1000027,770195.9043,769612.7303
10,2,baseline,28,1000028,771020.0913,769612.7303
10,2,baseline,29,1000029,768244.7427,769612.7303
10,2,optimized,0,1000000,787399.9631,786456.7106
10,2,optimized,1,1000001,787282.4432,786456.7106
10,2,optimized,2,1000002,786362.1027,786456.7106
10,2,optimized,3,1000003,784099.4477,786456.7106
10,2,optimized,4,1000004,785714.5503,786456.7106
10,2,optimized,5,1000005,785067.8420,786456.7106
10,2,optimized,6,1000006,786356.1008,786456.7106
10,2,optimized,7,1000007,786274.6598,786456.7106
10,2,optimized,8,1000008,788241.9643,786456.7106
10,2,optimized,9,1000009,788028.8667,786456.7106
10,2,optimized,10,1000010,787232.9190,786456.7106
10,2,optimized,11,1000011,787364.4018,786456.7106
10,2,optimized,12,1000012,783810.3222,786456.7106
10,2,optimized,13,1000013,788330.4716,786456.7106
10,2,optimized,14,1000014,785531.5432,786456.7106
10,2,optimized,15,1000015,784291.5243,786456.7106
10,2,optimized,16,1000016,785932.6067,786456.7106
10,2,optimized,17,1000017,788494.2852,786456.7106
10,2,optimized,18,1000018,787599.4733,786456.7106
10,2,optimized,19,1000019,786980.9343,786456.7106
10,2,optimized,20,1000020,787456.7177,786456.7106
10,2,optimized,21,1000021,786850.2658,786456.7106
10,2,optimized,22,1000022,787928.8206,786456.7106
10,2,optimized,23,1000023,784554.6301,786456.7106
10,2,optimized,24,1000024,785253.2412,786456.7106
10,2,optimized,25,1000025,784584.4493,786456.7106
10,2,optimized,26,1000026,785300.9931,786456.7106
10,2,optimized,27,1000027,787052.0928,786456.7106
10,2,optimized,28,1000028,787889.7258,786456.7106
10,2,optimized,29,1000029,785059.5939,786456.7106
10,2,rs,0,1000000,783037.0285,782086.3384
10,2,rs,1,1000001,782909.8612,782086.3384
10,2,rs,2,1000002,781972.7304,782086.3384
10,2,rs,3,1000003,779720.3089,782086.3384
10,2,rs,4,1000004,781356.2074,782086.3384
10,2,rs,5,1000005,780690.3295,782086.3384
10,2,rs,6,1000006,781950.6094,782086.3384
10,2,rs,7,1000007,781933.2292,782086.3384
10,2,rs,8,1000008,783897.9477,782086.3384
10,2,rs,9,1000009,783659.7493,782086.3384
10,2,rs,10,1000010,782854.4180,782086.3384
10,2,rs,11,1000011,782981.3848,782086.3384
10,2,rs,12,1000012,779464.3467,782086.3384
10,2,rs,13,1000013,783939.9243,782086.3384
10,2,rs,14,1000014,781171.1115,782086.3384
10,2,rs,15,1000015,779912.8726,782086.3384
10,2,rs,16,1000016,781520.2367,782086.3384
10,2,rs,17,1000017,784159.1611,782086.3384
10,2,rs,18,1000018,783211.0237,782086.3384
10,2,rs,19,1000019,782608.1319,782086.3384
10,2,rs,20,1000020,783073.3824,782086.3384
10,2,rs,21,1000021,782476.1268,782086.3384
10,2,rs,22,1000022,783588.1885,782086.3384
10,2,rs,23,1000023,780192.1895,782086.3384
10,2,rs,24,1000024,780886.0981,782086.3384
10,2,rs,25,1000025,780252.5634,782086.3384
10,2,rs,26,1000026,780900.3480,782086.3384
10,2,rs,27,1000027,782700.7723,782086.3384
10,2,rs,28,1000028,783541.8828,782086.3384
10,2,rs,29,1000029,780703.9166,782086.3384
10,2,sa,0,1000000,784981.7126,784042.4921
10,2,sa,1,1000001,784868.4131,784042.4921
10,2,sa,2,1000002,783948.4301,784042.4921
10,2,sa,3,1000003,781690.4612,784042.4921
10,2,sa,4,1000004,783315.4337,784042.4921
10,2,sa,5,1000005,782674.6665,784042.4921
10,2,sa,6,1000006,783917.3321,784042.4921
10,2,sa,7,1000007,783896.4667,784042.4921
10,2,sa,8,1000008,785844.8667,784042.4921
10,2,sa,9,1000009,785612.6931,784042.4921
10,2,sa,10,1000010,784846.2133,784042.4921
10,2,sa,11,1000011,784949.1598,784042.4921
10,2,sa,12,1000012,781400.5326,784042.4921
10,2,sa,13,1000013,785933.8719,784042.4921
10,2,sa,14,1000014,783121.3174,784042.4921
10,2,sa,15,1000015,781882.2218,784042.4921
10,2,sa,16,1000016,783506.3907,784042.4921
10,2,sa,17,1000017,786100.3352,784042.4921
10,2,sa,18,1000018,785164.9175,784042.4921
10,2,sa,19,1000019,784566.1888,784042.4921
10,2,sa,20,1000020,785057.4048,784042.4921
10,2,sa,21,1000021,784414.8126,784042.4921
10,2,sa,22,1000022,785553.2421,784042.4921
10,2,sa,23,1000023,782147.8653,784042.4921
10,2,sa,24,1000024,782825.6426,784042.4921
10,2,sa,25,1000025,782169.8183,784042.4921
10,2,sa,26,1000026,782885.4077,784042.4921
10,2,sa,27,1000027,784639.4686,784042.4921
10,2,sa,28,1000028,785475.8481,784042.4921
10,2,sa,29,1000029,782649.0513,784042.4921
10,2,sa_k,0,1000000,787688.6737,786751.3806
10,2,sa_k,1,1000001,787580.9615,786751.3806
10,2,sa_k,2,1000002,786635.0949,786751.3806
10,2,sa_k,3,1000003,784405.0240,786751.3806
10,2,sa_k,4,1000004,786018.9290,786751.3806
10,2,sa_k,5,1000005,785358.2498,786751.3806
10,2,sa_k,6,1000006,786652.6451,786751.3806
10,2,sa_k,7,1000007,786581.5799,786751.3806
10,2,sa_k,8,1000008,788531.3301,786751.3806
10,2,sa_k,9,1000009,788311.4209,786751.3806
10,2,sa_k,10,1000010,787531.7283,786751.3806
10,2,sa_k,11,1000011,787656.4021,786751.3806
10,2,sa_k,12,1000012,784105.6214,786751.3806
10,2,sa_k,13,1000013,788626.5709,786751.3806
10,2,sa_k,14,1000014,785822.3612,786751.3806
10,2,sa_k,15,1000015,784593.6046,786751.3806
10,2,sa_k,16,1000016,786222.5146,786751.3806
10,2,sa_k,17,1000017,788776.9035,786751.3806
10,2,sa_k,18,1000018,787888.4821,786751.3806
10,2,sa_k,19,1000019,787272.6748,786751.3806
10,2,sa_k,20,1000020,787756.9216,786751.3806
10,2,sa_k,21,1000021,787140.2339,786751.3806
10,2,sa_k,22,1000022,788216.8206,786751.3806
10,2,sa_k,23,1000023,784846.8052,786751.3806
10,2,sa_k,24,1000024,785528.5358,786751.3806
10,2,sa_k,25,1000025,784858.3815,786751.3806
10,2,sa_k,26,1000026,785589.3559,786751.3806
10,2,sa_k,27,1000027,787346.0959,786751.3806
10,2,sa_k,28,1000028,788191.9065,786751.3806
10,2,sa_k,29,1000029,785344.5888,786751.3806
10,3,baseline,0,1000000,770561.2124,769612.7303
10,3,baseline,1,1000001,770380.0688,769612.7303
10,3,baseline,2,1000002,769530.2398,769612.7303
10,3,baseline,3,1000003,767274.1975,769612.7303
10,3,baseline,4,1000004,768885.9518,769612.7303
10,3,baseline,5,1000005,768225.7046,769612.7303
10,3,baseline,6,1000006,769513.9886,769612.7303
10,3,baseline,7,1000007,769425.5480,769612.7303
10,3,baseline,8,1000008,771405.8040,769612.7303
10,3,baseline,9,1000009,771196.5840,769612.7303
10,3,baseline,10,1000010,770346.8677,769612.7303
10,3,baseline,11,1000011,770497.9889,769612.7303
10,3,baseline,12,1000012,767038.1578,769612.7303
10,3,baseline,13,1000013,771448.0260,769612.7303
10,3,baseline,14,1000014,768706.2961,769612.7303
10,3,baseline,15,1000015,767540.7954,769612.7303
10,3,baseline,16,1000016,769062.4945,769612.7303
10,3,baseline,17,1000017,771641.9975,769612.7303
10,3,baseline,18,1000018,770721.0697,769612.7303
10,3,baseline,19,1000019,770123.7668,769612.7303
10,3,baseline,20,1000020,770594.2094,769612.7303
10,3,baseline,21,1000021,769989.2714,769612.7303
10,3,baseline,22,1000022,771025.3383,769612.7303
10,3,baseline,23,1000023,767732.1992,769612.7303
10,3,baseline,24,1000024,768412.2545,769612.7303
10,3,baseline,25,1000025,767752.3726,769612.7303
10,3,baseline,26,1000026,768435.6141,769612.7303
10,3,baseline,27,1000027,770195.9043,769612.7303
10,3,baseline,28,1000028,771020.0913,769612.7303
10,3,baseline,29,1000029,768244.7427,769612.7303
10,3,optimized,0,1000000,787980.3418,787044.0909
10,3,optimized,1,1000001,787871.7863,787044.0909
10,3,optimized,2,1000002,786934.7850,787044.0909
10,3,optimized,3,1000003,784698.4959,787044.0909
10,3,optimized,4,1000004,786314.8380,787044.0909
10,3,optimized,5,1000005,785648.7756,787044.0909
10,3,optimized,6,1000006,786940.4990,787044.0909
10,3,optimized,7,1000007,786869.5695,787044.0909
10,3,optimized,8,1000008,788823.4532,787044.0909
10,3,optimized,9,1000009,788611.5630,787044.0909
10,3,optimized,10,1000010,787827.1235,787044.0909
10,3,optimized,11,1000011,787953.9087,787044.0909
10,3,optimized,12,1000012,784405.6542,787044.0909
10,3,optimized,13,1000013,788922.5701,787044.0909
10,3,optimized,14,1000014,786119.1640,787044.0909
10,3,optimized,15,1000015,784880.6927,787044.0909
10,3,optimized,16,1000016,786516.1092,787044.0909
10,3,optimized,17,1000017,789066.3486,787044.0909
10,3,optimized,18,1000018,788197.7395,787044.0909
10,3,optimized,19,1000019,787571.3866,787044.0909
10,3,optimized,20,1000020,788043.8444,787044.0909
10,3,optimized,21,1000021,787429.2634,787044.0909
10,3,optimized,22,1000022,788515.1022,787044.0909
10,3,optimized,23,1000023,785144.6322,787044.0909
10,3,optimized,24,1000024,785804.2056,787044.0909
10,3,optimized,25,1000025,785159.3977,787044.0909
10,3,optimized,26,1000026,785888.4780,787044.0909
10,3,optimized,27,1000027,787636.8366,787044.0909
10,3,optimized,28,1000028,788474.4340,787044.0909
10,3,optimized,29,1000029,785654.0023,787044.0909
10,3,rs,0,1000000,783509.9228,782565.5939
10,3,rs,1,1000001,783386.8213,782565.5939
10,3,rs,2,1000002,782448.3105,782565.5939
10,3,rs,3,1000003,780212.1720,782565.5939
10,3,rs,4,1000004,781849.3455,782565.5939
10,3,rs,5,1000005,781178.2837,782565.5939
10,3,rs,6,1000006,782439.4339,782565.5939
10,3,rs,7,1000007,782423.6621,782565.5939
10,3,rs,8,1000008,784384.6995,782565.5939
10,3,rs,9,1000009,784142.8131,782565.5939
10,3,rs,10,1000010,783336.3493,782565.5939
10,3,rs,11,1000011,783464.9685,782565.5939
10,3,rs,12,1000012,779933.6485,782565.5939
10,3,rs,13,1000013,784419.1817,782565.5939
10,3,rs,14,1000014,781642.5978,782565.5939
10,3,rs,15,1000015,780390.8342,782565.5939
10,3,rs,16,1000016,782003.8425,782565.5939
10,3,rs,17,1000017,784633.2045,782565.5939
10,3,rs,18,1000018,783695.7842,782565.5939
10,3,rs,19,1000019,783080.1838,782565.5939
10,3,rs,20,1000020,783562.4538,782565.5939
10,3,rs,21,1000021,782943.2127,782565.5939
10,3,rs,22,1000022,784073.8790,782565.5939
10,3,rs,23,1000023,780668.0512,782565.5939
10,3,rs,24,1000024,781349.1665,782565.5939
10,3,rs,25,1000025,780717.3182,782565.5939
10,3,rs,26,1000026,781394.6568,782565.5939
10,3,rs,27,1000027,783158.9610,782565.5939
10,3,rs,28,1000028,784011.4523,782565.5939
10,3,rs,29,1000029,781173.3243,782565.5939
10,3,sa,0,1000000,786009.7453,785063.9443
10,3,sa,1,1000001,785893.8106,785063.9443
10,3,sa,2,1000002,784986.1726,785063.9443
10,3,sa,3,1000003,782704.4810,785063.9443
10,3,sa,4,1000004,784343.8620,785063.9443
10,3,sa,5,1000005,783680.4846,785063.9443
10,3,sa,6,1000006,784950.6011,785063.9443
10,3,sa,7,1000007,784905.0721,785063.9443
10,3,sa,8,1000008,786869.9670,785063.9443
10,3,sa,9,1000009,786619.7798,785063.9443
10,3,sa,10,1000010,785856.3595,785063.9443
10,3,sa,11,1000011,786000.4267,785063.9443
10,3,sa,12,1000012,782423.4809,785063.9443
10,3,sa,13,1000013,786950.8653,785063.9443
10,3,sa,14,1000014,784152.4117,785063.9443
10,3,sa,15,1000015,782892.8338,785063.9443
10,3,sa,16,1000016,784510.1849,785063.9443
10,3,sa,17,1000017,787124.6527,785063.9443
10,3,sa,18,1000018,786185.5173,785063.9443
10,3,sa,19,1000019,785574.6977,785063.9443
10,3,sa,20,1000020,786082.3616,785063.9443
10,3,sa,21,1000021,785440.8459,785063.9443
10,3,sa,22,1000022,786557.7423,785063.9443
10,3,sa,23,1000023,783166.2014,785063.9443
10,3,sa,24,1000024,783858.0368,785063.9443
10,3,sa,25,1000025,783191.6287,785063.9443
10,3,sa,26,1000026,783904.7409,785063.9443
10,3,sa,27,1000027,785646.1386,785063.9443
10,3,sa,28,1000028,786475.9457,785063.9443
10,3,sa,29,1000029,783683.0290,785063.9443
10,3,sa_k,0,1000000,788290.8751,787360.6771
10,3,sa_k,1,1000001,788181.4612,787360.6771
10,3,sa_k,2,1000002,787245.5185,787360.6771
10,3,sa_k,3,1000003,785013.8165,787360.6771
10,3,sa_k,4,1000004,786643.2257,787360.6771
10,3,sa_k,5,1000005,785961.4309,787360.6771
10,3,sa_k,6,1000006,787257.8512,787360.6771
10,3,sa_k,7,1000007,787184.2401,787360.6771
10,3,sa_k,8,1000008,789132.7911,787360.6771
10,3,sa_k,9,1000009,788928.8612,787360.6771
10,3,sa_k,10,1000010,788136.0631,787360.6771
10,3,sa_k,11,1000011,788271.7170,787360.6771
10,3,sa_k,12,1000012,784722.6814,787360.6771
10,3,sa_k,13,1000013,789237.0039,787360.6771
10,3,sa_k,14,1000014,786428.8221,787360.6771
10,3,sa_k,15,1000015,785204.2200,787360.6771
10,3,sa_k,16,1000016,786826.4024,787360.6771
10,3,sa_k,17,1000017,789390.6298,787360.6771
10,3,sa_k,18,1000018,788518.7146,787360.6771
10,3,sa_k,19,1000019,787886.3327,787360.6771
10,3,sa_k,20,1000020,788365.0170,787360.6771
10,3,sa_k,21,1000021,787753.2258,787360.6771
10,3,sa_k,22,1000022,788826.6311,787360.6771
10,3,sa_k,23,1000023,785456.1744,787360.6771
10,3,sa_k,24,1000024,786128.7979,787360.6771
10,3,sa_k,25,1000025,785466.9672,787360.6771
10,3,sa_k,26,1000026,786203.9821,787360.6771
10,3,sa_k,27,1000027,787967.8043,787360.6771
10,3,sa_k,28,1000028,788791.6679,787360.6771
10,3,sa_k,29,1000029,785966.4431,787360.6771
10,4,baseline,0,1000000,770561.2124,769612.7303
10,4,baseline,1,1000001,770380.0688,769612.7303
10,4,baseline,2,1000002,769530.2398,769612.7303
10,4,baseline,3,1000003,767274.1975,769612.7303
10,4,baseline,4,1000004,768885.9518,769612.7303
10,4,baseline,5,1000005,768225.7046,769612.7303
10,4,baseline,6,1000006,769513.9886,769612.7303
10,4,baseline,7,1000007,769425.5480,769612.7303
10,4,baseline,8,1000008,771405.8040,769612.7303
10,4,baseline,9,1000009,771196.5840,769612.7303
10,4,baseline,10,1000010,770346.8677,769612.7303
10,4,baseline,11,1000011,770497.9889,769612.7303
10,4,baseline,12,1000012,767038.1578,769612.7303
10,4,baseline,13,1000013,771448.0260,769612.7303
10,4,baseline,14,1000014,768706.2961,769612.7303
10,4,baseline,15,1000015,767540.7954,769612.7303
10,4,baseline,16,1000016,769062.4945,769612.7303
10,4,baseline,17,1000017,771641.9975,769612.7303
10,4,baseline,18,1000018,770721.0697,769612.7303
10,4,baseline,19,1000019,770123.7668,769612.7303
10,4,baseline,20,1000020,770594.2094,769612.7303
10,4,baseline,21,1000021,769989.2714,769612.7303
10,4,baseline,22,1000022,771025.3383,769612.7303
10,4,baseline,23,1000023,767732.1992,769612.7303
10,4,baseline,24,1000024,768412.2545,769612.7303
10,4,baseline,25,1000025,767752.3726,769612.7303
10,4,baseline,26,1000026,768435.6141,769612.7303
10,4,baseline,27,1000027,770195.9043,769612.7303
10,4,baseline,28,1000028,771020.0913,769612.7303
10,4,baseline,29,1000029,768244.7427,769612.7303
10,4,optimized,0,1000000,787698.3927,786761.2008
10,4,optimized,1,1000001,787590.6246,786761.2008
10,4,optimized,2,1000002,786645.4588,786761.2008
10,4,optimized,3,1000003,784415.1280,786761.2008
10,4,optimized,4,1000004,786029.0379,786761.2008
10,4,optimized,5,1000005,785368.2189,786761.2008
10,4,optimized,6,1000006,786662.1110,786761.2008
10,4,optimized,7,1000007,786590.5485,786761.2008
10,4,optimized,8,1000008,788540.8284,786761.2008
10,4,optimized,9,1000009,788321.0274,786761.2008
10,4,optimized,10,1000010,787540.5556,786761.2008
10,4,optimized,11,1000011,787666.3519,786761.2008
10,4,optimized,12,1000012,784116.3355,786761.2008
10,4,optimized,13,1000013,788637.2937,786761.2008
10,4,optimized,14,1000014,785833.0791,786761.2008
10,4,optimized,15,1000015,784603.4179,786761.2008
10,4,optimized,16,1000016,786231.2893,786761.2008
10,4,optimized,17,1000017,788785.3090,786761.2008
10,4,optimized,18,1000018,787898.5630,786761.2008
10,4,optimized,19,1000019,787283.4581,786761.2008
10,4,optimized,20,1000020,787767.6334,786761.2008
10,4,optimized,21,1000021,787150.9514,786761.2008
10,4,optimized,22,1000022,788227.0740,786761.2008
10,4,optimized,23,1000023,784855.9567,786761.2008
10,4,optimized,24,1000024,785537.8838,786761.2008
10,4,optimized,25,1000025,784868.0066,786761.2008
10,4,optimized,26,1000026,785600.4140,786761.2008
10,4,optimized,27,1000027,787356.4408,786761.2008
10,4,optimized,28,1000028,788201.2648,786761.2008
10,4,optimized,29,1000029,785354.3747,786761.2008
10,4,rs,0,1000000,784238.7841,783291.0491
10,4,rs,1,1000001,784109.8586,783291.0491
10,4,rs,2,1000002,783191.5802,783291.0491
10,4,rs,3,1000003,780930.0818,783291.0491
10,4,rs,4,1000004,782574.0782,783291.0491
10,4,rs,5,1000005,781905.3513,783291.0491
10,4,rs,6,1000006,783175.5357,783291.0491
10,4,rs,7,1000007,783148.2597,783291.0491
10,4,rs,8,1000008,785105.7347,783291.0491
10,4,rs,9,1000009,784866.0576,783291.0491
10,4,rs,10,1000010,784083.8761,783291.0491
10,4,rs,11,1000011,784205.5092,783291.0491
10,4,rs,12,1000012,780658.4700,783291.0491
10,4,rs,13,1000013,785172.4336,783291.0491
10,4,rs,14,1000014,782372.3837,783291.0491
10,4,rs,15,1000015,781125.1577,783291.0491
10,4,rs,16,1000016,782725.2473,783291.0491
10,4,rs,17,1000017,785343.3771,783291.0491
10,4,rs,18,1000018,784424.5273,783291.0491
10,4,rs,19,1000019,783806.7651,783291.0491
10,4,rs,20,1000020,784297.6609,783291.0491
10,4,rs,21,1000021,783670.4031,783291.0491
10,4,rs,22,1000022,784797.6567,783291.0491
10,4,rs,23,1000023,781398.8246,783291.0491
10,4,rs,24,1000024,782067.7522,783291.0491
10,4,rs,25,1000025,781426.9895,783291.0491
10,4,rs,26,1000026,782130.1418,783291.0491
10,4,rs,27,1000027,783893.4202,783291.0491
10,4,rs,28,1000028,784729.8333,783291.0491
10,4,rs,29,1000029,781899.8458,783291.0491
10,4,sa,0,1000000,787375.4040,786432.3839
10,4,sa,1,1000001,787258.6386,786432.3839
10,4,sa,2,1000002,786337.6609,786432.3839
10,4,sa,3,1000003,784078.1984,786432.3839
10,4,sa,4,1000004,785692.2193,786432.3839
10,4,sa,5,1000005,785045.4898,786432.3839
10,4,sa,6,1000006,786332.5856,786432.3839
10,4,sa,7,1000007,786249.4954,786432.3839
10,4,sa,8,1000008,788218.6886,786432.3839
10,4,sa,9,1000009,788005.4790,786432.3839
10,4,sa,10,1000010,787210.1812,786432.3839
10,4,sa,11,1000011,787343.9075,786432.3839
10,4,sa,12,1000012,783789.8237,786432.3839
10,4,sa,13,1000013,788306.4856,786432.3839
10,4,sa,14,1000014,785505.5101,786432.3839
10,4,sa,15,1000015,784265.6928,786432.3839
10,4,sa,16,1000016,785906.3359,786432.3839
10,4,sa,17,1000017,788470.9270,786432.3839
10,4,sa,18,1000018,787575.7500,786432.3839
10,4,sa,19,1000019,786957.5654,786432.3839
10,4,sa,20,1000020,787433.0844,786432.3839
10,4,sa,21,1000021,786827.0550,786432.3839
10,4,sa,22,1000022,787900.6721,786432.3839
10,4,sa,23,1000023,784526.9054,786432.3839
10,4,sa,24,1000024,785228.4982,786432.3839
10,4,sa,25,1000025,784558.1508,786432.3839
10,4,sa,26,1000026,785274.0294,786432.3839
10,4,sa,27,1000027,787028.2855,786432.3839
10,4,sa,28,1000028,787863.3840,786432.3839
10,4,sa,29,1000029,785036.2341,786432.3839
10,4,sa_k,0,1000000,788084.1442,787161.3460
10,4,sa_k,1,1000001,787984.1487,787161.3460
10,4,sa_k,2,1000002,787053.6554,787161.3460
10,4,sa_k,3,1000003,784820.8990,787161.3460
10,4,sa_k,4,1000004,786434.5794,787161.3460
10,4,sa_k,5,1000005,785766.6677,787161.3460
10,4,sa_k,6,1000006,787061.2539,787161.3460
10,4,sa_k,7,1000007,786989.6589,787161.3460
10,4,sa_k,8,1000008,788935.0814,787161.3460
10,4,sa_k,9,1000009,788734.4650,787161.3460
10,4,sa_k,10,1000010,787943.2936,787161.3460
10,4,sa_k,11,1000011,788072.2757,787161.3460
10,4,sa_k,12,1000012,784524.5177,787161.3460
10,4,sa_k,13,1000013,789037.8810,787161.3460
10,4,sa_k,14,1000014,786230.6271,787161.3460
10,4,sa_k,15,1000015,785003.0753,787161.3460
10,4,sa_k,16,1000016,786629.4443,787161.3460
10,4,sa_k,17,1000017,789194.0966,787161.3460
10,4,sa_k,18,1000018,788311.4092,787161.3460
10,4,sa_k,19,1000019,787683.2612,787161.3460
10,4,sa_k,20,1000020,788164.6896,787161.3460
10,4,sa_k,21,1000021,787553.5945,787161.3460
10,4,sa_k,22,1000022,788629.4626,787161.3460
10,4,sa_k,23,1000023,785257.3164,787161.3460
10,4,sa_k,24,1000024,785922.5387,787161.3460
10,4,sa_k,25,1000025,785271.9936,787161.3460
10,4,sa_k,26,1000026,786000.7999,787161.3460
10,4,sa_k,27,1000027,787763.3741,787161.3460
10,4,sa_k,28,1000028,788588.1223,787161.3460
10,4,sa_k,29,1000029,785763.9158,787161.3460
