scenario,seed,method,mc_revenue,cf_revenue,analytical_R
0,0,random_valid,53113.3199,53096.0708,50763.3829
0,0,perimeter_only,52950.6680,52932.7670,51159.7369
0,0,popularity_rank,53337.6277,53317.5917,51966.3847
0,0,greedy_swap,53337.6277,53317.5917,51966.3847
0,0,oracle,53261.1237,53241.5051,52531.8562
0,0,random_search,53677.9425,53658.1851,51740.8779
0,0,simulated_annealing,53936.7431,53917.7208,51848.1009
0,0,simulated_annealing_popstart,53916.2539,53896.4937,52190.6863
0,0,GA,53733.2756,53713.5590,51820.2113
0,1,random_valid,53159.4414,53096.0708,50763.3829
0,1,perimeter_only,52994.2045,52932.7670,51159.7369
0,1,popularity_rank,53378.4963,53317.5917,51966.3847
0,1,greedy_swap,53378.4963,53317.5917,51966.3847
0,1,oracle,53303.1605,53241.5051,52531.8562
0,1,random_search,53728.1430,53667.1769,51915.3493
0,1,simulated_annealing,53912.0342,53851.6901,51924.6990
0,1,simulated_annealing_popstart,53936.4155,53875.3174,52197.4023
0,1,GA,53960.5563,53899.4754,51861.8914
0,2,random_valid,53108.8345,53096.0708,50763.3829
0,2,perimeter_only,52947.0513,52932.7670,51159.7369
0,2,popularity_rank,53328.5770,53317.5917,51966.3847
0,2,greedy_swap,53328.5770,53317.5917,51966.3847
0,2,oracle,53252.9929,53241.5051,52531.8562
0,2,random_search,53659.2155,53644.0129,51935.8062
0,2,simulated_annealing,53864.8155,53849.8244,51830.3989
0,2,simulated_annealing_popstart,53883.4219,53868.7050,52176.6707
0,2,GA,53876.7775,53861.9052,51847.3846
0,3,random_valid,53073.4842,53096.0708,50763.3829
0,3,perimeter_only,52909.1896,52932.7670,51159.7369
0,3,popularity_rank,53293.7675,53317.5917,51966.3847
0,3,greedy_swap,53293.7675,53317.5917,51966.3847
0,3,oracle,53218.8426,53241.5051,52531.8562
0,3,random_search,53631.1323,53655.4211,51876.6890
0,3,simulated_annealing,53924.5692,53947.4495,52029.8585
0,3,simulated_annealing_popstart,53913.5394,53936.2973,51967.7779
0,3,GA,53847.9062,53870.4303,51852.0168
0,4,random_valid,53109.2903,53096.0708,50763.3829
0,4,perimeter_only,52945.3906,52932.7670,51159.7369
0,4,popularity_rank,53331.5541,53317.5917,51966.3847
0,4,greedy_swap,53331.5541,53317.5917,51966.3847
0,4,oracle,53255.0004,53241.5051,52531.8562
0,4,random_search,53657.5548,53646.1357,51854.2150
0,4,simulated_annealing,53940.7644,53929.7597,51975.3435
0,4,simulated_annealing_popstart,53887.2184,53876.1551,52206.1201
0,4,GA,53907.3380,53896.8824,51803.4600
0,5,random_valid,53112.0178,53096.0708,50763.3829
0,5,perimeter_only,52950.2784,52932.7670,51159.7369
0,5,popularity_rank,53332.0909,53317.5917,51966.3847
0,5,greedy_swap,53332.0909,53317.5917,51966.3847
0,5,oracle,53256.9512,53241.5051,52531.8562
0,5,random_search,53666.6664,53649.7409,51874.0646
0,5,simulated_annealing,53885.3484,53868.1168,51818.0107
0,5,simulated_annealing_popstart,53879.1693,53861.5851,52182.0918
0,5,GA,53762.2370,53745.5890,51744.2908
0,6,random_valid,53084.9045,53096.0708,50763.3829
0,6,perimeter_only,52920.5829,52932.7670,51159.7369
0,6,popularity_rank,53303.9397,53317.5917,51966.3847
0,6,greedy_swap,53303.9397,53317.5917,51966.3847
0,6,oracle,53229.2589,53241.5051,52531.8562
0,6,random_search,53632.4554,53646.3086,51647.8933
0,6,simulated_annealing,53860.3634,53872.6426,52032.8182
0,6,simulated_annealing_popstart,53858.0539,53870.2055,52179.1930
0,6,GA,53884.5013,53896.1620,51832.3352
0,7,random_valid,53119.4356,53096.0708,50763.3829
0,7,perimeter_only,52956.6573,52932.7670,51159.7369
0,7,popularity_rank,53338.4575,53317.5917,51966.3847
0,7,greedy_swap,53338.4575,53317.5917,51966.3847
0,7,oracle,53263.0325,53241.5051,52531.8562
0,7,random_search,53668.8332,53646.6929,51895.6605
0,7,simulated_annealing,53897.0132,53874.6340,51878.1915
0,7,simulated_annealing_popstart,53912.3565,53889.7522,52187.6281
0,7,GA,53894.8292,53872.3959,51760.0088
0,8,random_valid,53157.9174,53096.0708,50763.3829
0,8,perimeter_only,52993.8430,52932.7670,51159.7369
0,8,popularity_rank,53378.5606,53317.5917,51966.3847
0,8,greedy_swap,53378.5606,53317.5917,51966.3847
0,8,oracle,53304.3206,53241.5051,52531.8562
0,8,random_search,53695.3632,53635.2760,51847.2763
0,8,simulated_annealing,54020.4429,53958.6744,51985.8575
0,8,simulated_annealing_popstart,53954.6127,53893.1461,52200.0743
0,8,GA,53942.3170,53880.8954,51786.6196
0,9,random_valid,53095.3813,53096.0708,50763.3829
0,9,perimeter_only,52933.1161,52932.7670,51159.7369
0,9,popularity_rank,53314.7032,53317.5917,51966.3847
0,9,greedy_swap,53314.7032,53317.5917,51966.3847
0,9,oracle,53239.8349,53241.5051,52531.8562
0,9,random_search,53712.9452,53713.8112,51929.5020
0,9,simulated_annealing,53891.2754,53889.2028,51999.2480
0,9,simulated_annealing_popstart,53927.3621,53925.5337,52075.1740
0,9,GA,53804.9274,53804.3912,51922.0804
1,0,random_valid,80123.8008,80076.1198,76911.7561
1,0,perimeter_only,79822.3930,79772.1806,77054.0942
1,0,popularity_rank,80164.6146,80118.5316,76691.6466
1,0,greedy_swap,80220.0352,80175.1160,77103.9511
1,0,oracle,80303.4084,80258.3775,78148.7789
1,0,random_search,80437.7578,80392.8931,76997.5612
1,0,simulated_annealing,80623.7377,80578.8618,76943.0447
1,0,simulated_annealing_popstart,80971.4248,80924.5815,77754.6866
1,0,GA,80729.0246,80685.2750,77135.8699
1,1,random_valid,80017.8457,80076.1198,76911.7561
1,1,perimeter_only,79714.5572,79772.1806,77054.0942
1,1,popularity_rank,80060.8568,80118.5316,76691.6466
1,1,greedy_swap,80117.4014,80175.1160,77103.9511
1,1,oracle,80201.8948,80258.3775,78148.7789
1,1,random_search,80364.2172,80420.9449,77178.2676
1,1,simulated_annealing,80459.5867,80518.6279,76958.3395
1,1,simulated_annealing_popstart,80733.5517,80791.2153,77275.4975
1,1,GA,80592.1651,80649.7452,77049.7776
1,2,random_valid,80149.2065,80076.1198,76911.7561
1,2,perimeter_only,79844.2512,79772.1806,77054.0942
1,2,popularity_rank,80192.2626,80118.5316,76691.6466
1,2,greedy_swap,80248.4818,80175.1160,77103.9511
1,2,oracle,80331.7267,80258.3775,78148.7789
1,2,random_search,80449.9308,80373.5586,77139.8964
1,2,simulated_annealing,80866.3949,80792.4557,77451.5400
1,2,simulated_annealing_popstart,80808.5619,80734.9587,77327.5612
1,2,GA,80575.4172,80499.6223,76739.1586
1,3,random_valid,80093.6381,80076.1198,76911.7561
1,3,perimeter_only,79789.1114,79772.1806,77054.0942
1,3,popularity_rank,80135.6925,80118.5316,76691.6466
1,3,greedy_swap,80192.5498,80175.1160,77103.9511
1,3,oracle,80276.2248,80258.3775,78148.7789
1,3,random_search,80397.4829,80378.8890,76640.5478
1,3,simulated_annealing,80717.3147,80699.8971,76958.4161
1,3,simulated_annealing_popstart,80822.7147,80807.3166,77224.8799
1,3,GA,80693.3439,80676.5548,76912.4565
1,4,random_valid,80049.1707,80076.1198,76911.7561
1,4,perimeter_only,79743.8151,79772.1806,77054.0942
1,4,popularity_rank,80092.3789,80118.5316,76691.6466
1,4,greedy_swap,80148.7611,80175.1160,77103.9511
1,4,oracle,80230.7340,80258.3775,78148.7789
1,4,random_search,80313.6340,80342.4377,76870.1784
1,4,simulated_annealing,80754.8168,80783.5020,77157.8447
1,4,simulated_annealing_popstart,80773.1668,80802.2505,77335.9578
1,4,GA,80666.0390,80694.7395,76999.2622
1,5,random_valid,80018.5808,80076.1198,76911.7561
1,5,perimeter_only,79713.6891,79772.1806,77054.0942
1,5,popularity_rank,80062.1492,80118.5316,76691.6466
1,5,greedy_swap,80120.0051,80175.1160,77103.9511
1,5,oracle,80202.9620,80258.3775,78148.7789
1,5,random_search,80350.1964,80405.0372,76941.8495
1,5,simulated_annealing,80560.4176,80616.5006,77070.7683
1,5,simulated_annealing_popstart,80751.0778,80805.8711,77304.6738
1,5,GA,80758.2817,80813.4915,77200.8581
1,6,random_valid,80143.3992,80076.1198,76911.7561
1,6,perimeter_only,79836.9013,79772.1806,77054.0942
1,6,popularity_rank,80186.3807,80118.5316,76691.6466
1,6,greedy_swap,80243.0344,80175.1160,77103.9511
1,6,oracle,80326.7712,80258.3775,78148.7789
1,6,random_search,80453.1707,80384.9568,77355.8228
1,6,simulated_annealing,80830.2691,80763.9107,77123.8366
1,6,simulated_annealing_popstart,80877.4532,80811.0035,77293.7525
1,6,GA,80692.8611,80624.7242,77006.8259
1,7,random_valid,80020.5268,80076.1198,76911.7561
1,7,perimeter_only,79716.9211,79772.1806,77054.0942
1,7,popularity_rank,80062.6827,80118.5316,76691.6466
1,7,greedy_swap,80119.5724,80175.1160,77103.9511
1,7,oracle,80203.5171,80258.3775,78148.7789
1,7,random_search,80385.4360,80440.6400,77104.5273
1,7,simulated_annealing,80549.8930,80604.5864,76966.7887
1,7,simulated_annealing_popstart,80734.6860,80789.6610,77534.3796
1,7,GA,80713.4617,80768.7659,77141.9122
1,8,random_valid,80088.8152,80076.1198,76911.7561
1,8,perimeter_only,79787.5143,79772.1806,77054.0942
1,8,popularity_rank,80129.8380,80118.5316,76691.6466
1,8,greedy_swap,80185.7292,80175.1160,77103.9511
1,8,oracle,80269.3851,80258.3775,78148.7789
1,8,random_search,80482.4175,80469.1566,77386.1207
1,8,simulated_annealing,80808.9450,80795.1861,77147.4095
1,8,simulated_annealing_popstart,80826.6754,80813.6399,77226.9850
1,8,GA,80696.1935,80682.3336,77316.9787
1,9,random_valid,80032.2319,80076.1198,76911.7561
1,9,perimeter_only,79726.1078,79772.1806,77054.0942
1,9,popularity_rank,80074.7260,80118.5316,76691.6466
1,9,greedy_swap,80130.6800,80175.1160,77103.9511
1,9,oracle,80212.3648,80258.3775,78148.7789
1,9,random_search,80330.8358,80374.0239,76628.1889
1,9,simulated_annealing,80597.8432,80644.3050,77072.8570
1,9,simulated_annealing_popstart,80793.6575,80840.1985,77337.7888
1,9,GA,80705.4074,80749.2302,76800.2280
2,0,random_valid,67866.8318,67888.5836,59752.5867
2,0,perimeter_only,68021.3473,68043.2788,60863.1189
2,0,popularity_rank,67752.2029,67772.7767,60344.5932
2,0,greedy_swap,67982.0664,68003.5797,60555.8134
2,0,oracle,68227.9207,68250.9502,61168.5389
2,0,random_search,68227.6975,68251.1051,60718.5308
2,0,simulated_annealing,68436.8309,68458.1567,59935.7172
2,0,simulated_annealing_popstart,68541.0503,68562.3826,60515.3370
2,0,GA,68565.1285,68585.3607,60808.0537
2,1,random_valid,67894.2724,67888.5836,59752.5867
2,1,perimeter_only,68050.5989,68043.2788,60863.1189
2,1,popularity_rank,67776.5312,67772.7767,60344.5932
2,1,greedy_swap,68010.4853,68003.5797,60555.8134
2,1,oracle,68258.4603,68250.9502,61168.5389
2,1,random_search,68233.2347,68226.2264,60885.7687
2,1,simulated_annealing,68514.6511,68506.4799,59881.5737
2,1,simulated_annealing_popstart,68613.3569,68604.7115,60829.6812
2,1,GA,68571.7086,68563.4845,60677.9494
2,2,random_valid,67863.5645,67888.5836,59752.5867
2,2,perimeter_only,68019.1198,68043.2788,60863.1189
2,2,popularity_rank,67746.9737,67772.7767,60344.5932
2,2,greedy_swap,67979.0788,68003.5797,60555.8134
2,2,oracle,68226.5012,68250.9502,61168.5389
2,2,random_search,68177.4164,68200.7580,59694.5163
2,2,simulated_annealing,68489.9636,68514.0237,60022.9673
2,2,simulated_annealing_popstart,68567.1560,68592.3306,60889.0597
2,2,GA,68482.2956,68506.4929,60054.8170
2,3,random_valid,67838.6610,67888.5836,59752.5867
2,3,perimeter_only,67992.5765,68043.2788,60863.1189
2,3,popularity_rank,67722.8394,67772.7767,60344.5932
2,3,greedy_swap,67953.4581,68003.5797,60555.8134
2,3,oracle,68201.6489,68250.9502,61168.5389
2,3,random_search,68205.8869,68255.3805,60569.4721
2,3,simulated_annealing,68419.6519,68468.8975,60149.0704
2,3,simulated_annealing_popstart,68444.7711,68494.9880,60675.7175
2,3,GA,68405.0614,68453.8378,59948.3366
2,4,random_valid,67902.1975,67888.5836,59752.5867
2,4,perimeter_only,68058.2978,68043.2788,60863.1189
2,4,popularity_rank,67784.9457,67772.7767,60344.5932
2,4,greedy_swap,68018.7391,68003.5797,60555.8134
2,4,oracle,68264.4561,68250.9502,61168.5389
2,4,random_search,68239.6776,68225.1655,60743.8850
2,4,simulated_annealing,68605.9783,68591.7231,60904.4948
2,4,simulated_annealing_popstart,68453.5904,68438.9776,60739.6406
2,4,GA,68538.7483,68524.8708,60814.9370
2,5,random_valid,67935.3176,67888.5836,59752.5867
2,5,perimeter_only,68091.7698,68043.2788,60863.1189
2,5,popularity_rank,67819.6634,67772.7767,60344.5932
2,5,greedy_swap,68051.7204,68003.5797,60555.8134
2,5,oracle,68302.0018,68250.9502,61168.5389
2,5,random_search,68216.6560,68167.3273,60445.8667
2,5,simulated_annealing,68509.4277,68457.5175,59771.4904
2,5,simulated_annealing_popstart,68547.9776,68496.9552,60700.2282
2,5,GA,68639.1626,68587.7929,60801.1989
2,6,random_valid,67924.9394,67888.5836,59752.5867
2,6,perimeter_only,68080.0926,68043.2788,60863.1189
2,6,popularity_rank,67807.5765,67772.7767,60344.5932
2,6,greedy_swap,68040.2423,68003.5797,60555.8134
2,6,oracle,68284.6533,68250.9502,61168.5389
2,6,random_search,68330.5868,68296.3677,60729.6849
2,6,simulated_annealing,68523.4538,68489.9654,59777.8868
2,6,simulated_annealing_popstart,68533.4082,68500.3335,60713.7750
2,6,GA,68531.7539,68498.2404,59666.5481
2,7,random_valid,67884.6206,67888.5836,59752.5867
2,7,perimeter_only,68036.7975,68043.2788,60863.1189
2,7,popularity_rank,67770.0012,67772.7767,60344.5932
2,7,greedy_swap,67996.9900,68003.5797,60555.8134
2,7,oracle,68244.9668,68250.9502,61168.5389
2,7,random_search,68197.8185,68204.6733,60766.3313
2,7,simulated_annealing,68490.1715,68496.1945,60226.4228
2,7,simulated_annealing_popstart,68479.3012,68485.3450,60709.6829
2,7,GA,68591.8017,68597.9640,60822.2161
2,8,random_valid,67882.4995,67888.5836,59752.5867
2,8,perimeter_only,68037.9707,68043.2788,60863.1189
2,8,popularity_rank,67766.4468,67772.7767,60344.5932
2,8,greedy_swap,67997.8503,68003.5797,60555.8134
2,8,oracle,68244.0302,68250.9502,61168.5389
2,8,random_search,68271.0056,68277.6301,60925.9848
2,8,simulated_annealing,68520.8501,68527.9605,60295.6313
2,8,simulated_annealing_popstart,68547.9094,68555.4972,60893.4980
2,8,GA,68454.3518,68460.7703,60119.0948
2,9,random_valid,67931.3150,67888.5836,59752.5867
2,9,perimeter_only,68086.9523,68043.2788,60863.1189
2,9,popularity_rank,67813.7749,67772.7767,60344.5932
2,9,greedy_swap,68046.7836,68003.5797,60555.8134
2,9,oracle,68294.9512,68250.9502,61168.5389
2,9,random_search,68225.2538,68181.4950,60647.6877
2,9,simulated_annealing,68477.6626,68433.9087,60157.6285
2,9,simulated_annealing_popstart,68552.3688,68508.0966,60722.5281
2,9,GA,68484.8120,68440.5052,59784.3906
3,0,random_valid,55867.5615,55909.2699,54409.5178
3,0,perimeter_only,55850.5448,55892.1342,54296.7357
3,0,popularity_rank,55788.1760,55829.1757,54522.1601
3,0,greedy_swap,55964.7352,56007.4227,54644.4111
3,0,oracle,56141.6955,56185.1986,55272.3212
3,0,random_search,56240.3763,56284.1720,54519.2273
3,0,simulated_annealing,56457.8053,56502.6999,54335.4668
3,0,simulated_annealing_popstart,56363.2822,56407.5276,54477.1360
3,0,GA,56382.3716,56427.3273,54352.8566
3,1,random_valid,55934.2704,55909.2699,54409.5178
3,1,perimeter_only,55917.2411,55892.1342,54296.7357
3,1,popularity_rank,55854.7509,55829.1757,54522.1601
3,1,greedy_swap,56031.3466,56007.4227,54644.4111
3,1,oracle,56210.8242,56185.1986,55272.3212
3,1,random_search,56256.9029,56231.4698,54368.4278
3,1,simulated_annealing,56414.4441,56389.4137,54354.1071
3,1,simulated_annealing_popstart,56414.5070,56389.5542,54342.7185
3,1,GA,56398.7680,56373.9144,54330.2853
3,2,random_valid,55972.1157,55909.2699,54409.5178
3,2,perimeter_only,55954.1198,55892.1342,54296.7357
3,2,popularity_rank,55891.9368,55829.1757,54522.1601
3,2,greedy_swap,56070.6116,56007.4227,54644.4111
3,2,oracle,56248.3509,56185.1986,55272.3212
3,2,random_search,56326.6491,56262.6779,54483.6081
3,2,simulated_annealing,56611.9434,56549.1603,54322.8350
3,2,simulated_annealing_popstart,56485.6968,56423.6674,54433.0447
3,2,GA,56439.6406,56376.9961,54313.2572
3,3,random_valid,55898.7423,55909.2699,54409.5178
3,3,perimeter_only,55881.6240,55892.1342,54296.7357
3,3,popularity_rank,55818.4143,55829.1757,54522.1601
3,3,greedy_swap,55995.7699,56007.4227,54644.4111
3,3,oracle,56173.8517,56185.1986,55272.3212
3,3,random_search,56278.4092,56288.9112,54627.6905
3,3,simulated_annealing,56354.9444,56364.7221,54417.3064
3,3,simulated_annealing_popstart,56370.7954,56380.7814,54339.2017
3,3,GA,56295.7893,56305.9028,54282.8346
3,4,random_valid,55929.3575,55909.2699,54409.5178
3,4,perimeter_only,55911.9657,55892.1342,54296.7357
3,4,popularity_rank,55849.4263,55829.1757,54522.1601
3,4,greedy_swap,56025.9415,56007.4227,54644.4111
3,4,oracle,56203.4152,56185.1986,55272.3212
3,4,random_search,56347.8843,56327.9340,54533.2178
3,4,simulated_annealing,56436.3449,56415.6889,54278.4563
3,4,simulated_annealing_popstart,56414.0818,56393.6823,54458.3278
3,4,GA,56434.9162,56414.3381,54519.2593
3,5,random_valid,55902.3076,55909.2699,54409.5178
3,5,perimeter_only,55885.3284,55892.1342,54296.7357
3,5,popularity_rank,55822.0996,55829.1757,54522.1601
3,5,greedy_swap,56001.0108,56007.4227,54644.4111
3,5,oracle,56178.8247,56185.1986,55272.3212
3,5,random_search,56261.2499,56266.9845,54462.8301
3,5,simulated_annealing,56406.6967,56412.5560,54525.9279
3,5,simulated_annealing_popstart,56397.2068,56403.1043,54337.1555
3,5,GA,56341.8410,56347.5528,54085.9752
3,6,random_valid,55923.2290,55909.2699,54409.5178
3,6,perimeter_only,55906.4767,55892.1342,54296.7357
3,6,popularity_rank,55842.6212,55829.1757,54522.1601
3,6,greedy_swap,56021.2128,56007.4227,54644.4111
3,6,oracle,56195.9025,56185.1986,55272.3212
3,6,random_search,56274.5450,56263.4334,54719.2531
3,6,simulated_annealing,56410.0987,56399.4929,54375.2621
3,6,simulated_annealing_popstart,56329.1032,56317.8277,54325.8062
3,6,GA,56570.9383,56557.2543,54144.1642
3,7,random_valid,55870.0544,55909.2699,54409.5178
3,7,perimeter_only,55853.1031,55892.1342,54296.7357
3,7,popularity_rank,55789.6627,55829.1757,54522.1601
3,7,greedy_swap,55966.0254,56007.4227,54644.4111
3,7,oracle,56143.9381,56185.1986,55272.3212
3,7,random_search,56219.8905,56261.5638,54391.6356
3,7,simulated_annealing,56348.6485,56391.2088,54384.2300
3,7,simulated_annealing_popstart,56259.7051,56301.0463,54392.9784
3,7,GA,56351.1947,56393.9757,54198.4435
3,8,random_valid,55953.2513,55909.2699,54409.5178
3,8,perimeter_only,55936.6071,55892.1342,54296.7357
3,8,popularity_rank,55873.8335,55829.1757,54522.1601
3,8,greedy_swap,56050.1333,56007.4227,54644.4111
3,8,oracle,56229.8624,56185.1986,55272.3212
3,8,random_search,56330.8735,56286.0812,54337.0801
3,8,simulated_annealing,56394.0327,56349.2237,54617.3751
3,8,simulated_annealing_popstart,56462.3716,56418.3573,54462.7777
3,8,GA,56435.3670,56391.5980,54198.8806
3,9,random_valid,55905.6295,55909.2699,54409.5178
3,9,perimeter_only,55888.7912,55892.1342,54296.7357
3,9,popularity_rank,55825.3100,55829.1757,54522.1601
3,9,greedy_swap,56003.5199,56007.4227,54644.4111
3,9,oracle,56181.1116,56185.1986,55272.3212
3,9,random_search,56284.7709,56288.8216,54456.0625
3,9,simulated_annealing,56550.3506,56554.3544,54324.9848
3,9,simulated_annealing_popstart,56344.4549,56347.5548,54528.4770
3,9,GA,56518.1221,56522.6703,54442.3722
4,0,random_valid,77206.5069,77265.0368,95349.1789
4,0,perimeter_only,77141.1081,77197.6281,94994.7309
4,0,popularity_rank,76912.9618,76968.2503,94535.0922
4,0,greedy_swap,77172.8065,77230.9555,95334.5896
4,0,oracle,77681.6042,77743.9991,96869.3571
4,0,random_search,77619.8575,77682.3670,95635.7612
4,0,simulated_annealing,78079.7842,78139.5672,96014.7595
4,0,simulated_annealing_popstart,78078.2034,78138.0069,95950.5416
4,0,GA,77951.3887,78011.1413,96255.3298
4,1,random_valid,77297.7291,77265.0368,95349.1789
4,1,perimeter_only,77230.8227,77197.6281,94994.7309
4,1,popularity_rank,77003.9973,76968.2503,94535.0922
4,1,greedy_swap,77263.4511,77230.9555,95334.5896
4,1,oracle,77775.9929,77743.9991,96869.3571
4,1,random_search,77812.3191,77779.5634,95188.4327
4,1,simulated_annealing,77974.9725,77942.2166,95527.4420
4,1,simulated_annealing_popstart,77938.0940,77905.0699,95017.5516
4,1,GA,78119.6452,78085.6885,95871.8081
4,2,random_valid,77235.1044,77265.0368,95349.1789
4,2,perimeter_only,77167.0789,77197.6281,94994.7309
4,2,popularity_rank,76937.9754,76968.2503,94535.0922
4,2,greedy_swap,77201.1094,77230.9555,95334.5896
4,2,oracle,77712.3581,77743.9991,96869.3571
4,2,random_search,77691.1856,77723.0677,94643.1466
4,2,simulated_annealing,78051.3556,78084.4995,95543.0225
4,2,simulated_annealing_popstart,78103.0549,78135.7115,96001.1583
4,2,GA,78075.2080,78107.7685,95992.5405
4,3,random_valid,77238.6879,77265.0368,95349.1789
4,3,perimeter_only,77170.9463,77197.6281,94994.7309
4,3,popularity_rank,76942.0771,76968.2503,94535.0922
4,3,greedy_swap,77204.1772,77230.9555,95334.5896
4,3,oracle,77721.2513,77743.9991,96869.3571
4,3,random_search,77612.1984,77636.6021,95876.2349
4,3,simulated_annealing,77996.2073,78020.7151,95819.7025
4,3,simulated_annealing_popstart,77950.6854,77975.1165,95823.8867
4,3,GA,78029.0687,78053.5562,95658.1087
4,4,random_valid,77315.6500,77265.0368,95349.1789
4,4,perimeter_only,77248.2863,77197.6281,94994.7309
4,4,popularity_rank,77021.5937,76968.2503,94535.0922
4,4,greedy_swap,77281.6725,77230.9555,95334.5896
4,4,oracle,77793.8810,77743.9991,96869.3571
4,4,random_search,77660.6245,77611.4719,94609.7506
4,4,simulated_annealing,78175.6852,78125.5246,96135.5615
4,4,simulated_annealing_popstart,78125.4851,78075.8469,96192.9754
4,4,GA,78138.6597,78088.9344,96077.2676
4,5,random_valid,77255.9779,77265.0368,95349.1789
4,5,perimeter_only,77185.2873,77197.6281,94994.7309
4,5,popularity_rank,76959.0007,76968.2503,94535.0922
4,5,greedy_swap,77222.0853,77230.9555,95334.5896
4,5,oracle,77733.5538,77743.9991,96869.3571
4,5,random_search,77673.4834,77684.0292,94748.7702
4,5,simulated_annealing,77873.6698,77883.0309,94810.0896
4,5,simulated_annealing_popstart,77769.4272,77779.2671,95906.9613
4,5,GA,77994.7378,78004.1718,95715.1981
4,6,random_valid,77342.9951,77265.0368,95349.1789
4,6,perimeter_only,77274.2864,77197.6281,94994.7309
4,6,popularity_rank,77045.0579,76968.2503,94535.0922
4,6,greedy_swap,77308.8485,77230.9555,95334.5896
4,6,oracle,77822.5444,77743.9991,96869.3571
4,6,random_search,77819.0508,77740.8341,94756.0558
4,6,simulated_annealing,78080.9388,78002.6449,95285.6468
4,6,simulated_annealing_popstart,78031.1753,77952.4109,95675.7711
4,6,GA,78121.4349,78042.6679,95901.5787
4,7,random_valid,77234.1683,77265.0368,95349.1789
4,7,perimeter_only,77165.8133,77197.6281,94994.7309
4,7,popularity_rank,76937.2613,76968.2503,94535.0922
4,7,greedy_swap,77200.4634,77230.9555,95334.5896
4,7,oracle,77712.3731,77743.9991,96869.3571
4,7,random_search,77630.8924,77662.1231,94727.2469
4,7,simulated_annealing,78102.1746,78134.1403,96080.0887
4,7,simulated_annealing_popstart,78021.4633,78053.2708,95545.9126
4,7,GA,78069.2884,78100.7544,96028.2301
4,8,random_valid,77132.9766,77265.0368,95349.1789
4,8,perimeter_only,77065.2218,77197.6281,94994.7309
4,8,popularity_rank,76832.9965,76968.2503,94535.0922
4,8,greedy_swap,77098.7641,77230.9555,95334.5896
4,8,oracle,77611.5050,77743.9991,96869.3571
4,8,random_search,77620.2553,77753.4550,95386.4003
4,8,simulated_annealing,77926.8481,78064.3101,95818.2889
4,8,simulated_annealing_popstart,77984.3127,78122.1425,95898.7860
4,8,GA,77806.5493,77941.6576,95515.4462
4,9,random_valid,77270.5145,77265.0368,95349.1789
4,9,perimeter_only,77202.9996,77197.6281,94994.7309
4,9,popularity_rank,76975.1735,76968.2503,94535.0922
4,9,greedy_swap,77236.7328,77230.9555,95334.5896
4,9,oracle,77752.7089,77743.9991,96869.3571
4,9,random_search,77778.0588,77770.3063,94892.2638
4,9,simulated_annealing,78134.2925,78126.0097,95881.0513
4,9,simulated_annealing_popstart,78155.6217,78146.7938,96171.5647
4,9,GA,77972.5104,77965.3496,95965.8893
5,0,random_valid,67871.3163,67930.9477,78517.4665
5,0,perimeter_only,67908.5388,67968.8269,78983.9170
5,0,popularity_rank,67711.0452,67770.7473,78773.2338
5,0,greedy_swap,67825.1514,67884.6520,79118.9838
5,0,oracle,68278.8381,68339.7565,80090.9403
5,0,random_search,68174.7632,68234.2927,78424.9451
5,0,simulated_annealing,68387.0748,68447.4836,78924.0830
5,0,simulated_annealing_popstart,68466.7968,68525.7570,79645.0901
5,0,GA,68554.6515,68612.5623,79891.6984
5,1,random_valid,67942.3169,67930.9477,78517.4665
5,1,perimeter_only,67979.9789,67968.8269,78983.9170
5,1,popularity_rank,67782.5194,67770.7473,78773.2338
5,1,greedy_swap,67896.0837,67884.6520,79118.9838
5,1,oracle,68350.2521,68339.7565,80090.9403
5,1,random_search,68238.9896,68226.6386,78450.6423
5,1,simulated_annealing,68611.9172,68601.4138,79541.1274
5,1,simulated_annealing_popstart,68545.6067,68535.2612,79664.1907
5,1,GA,68510.2540,68499.8628,79487.6997
5,2,random_valid,67910.8600,67930.9477,78517.4665
5,2,perimeter_only,67948.0896,67968.8269,78983.9170
5,2,popularity_rank,67750.4724,67770.7473,78773.2338
5,2,greedy_swap,67864.1114,67884.6520,79118.9838
5,2,oracle,68317.0357,68339.7565,80090.9403
5,2,random_search,68195.7458,68218.1954,78477.0663
5,2,simulated_annealing,68505.9132,68527.5734,79321.8334
5,2,simulated_annealing_popstart,68440.4716,68461.4635,79283.5834
5,2,GA,68497.8487,68519.1644,79495.4917
5,3,random_valid,67944.6303,67930.9477,78517.4665
5,3,perimeter_only,67982.6287,67968.8269,78983.9170
5,3,popularity_rank,67784.4044,67770.7473,78773.2338
5,3,greedy_swap,67897.6337,67884.6520,79118.9838
5,3,oracle,68354.5558,68339.7565,80090.9403
5,3,random_search,68284.4805,68269.1446,78956.5524
5,3,simulated_annealing,68483.0937,68471.4929,79427.6418
5,3,simulated_annealing_popstart,68460.2766,68447.9189,79456.9252
5,3,GA,68522.6754,68510.1060,79356.0844
5,4,random_valid,67941.8837,67930.9477,78517.4665
5,4,perimeter_only,67979.4403,67968.8269,78983.9170
5,4,popularity_rank,67780.5398,67770.7473,78773.2338
5,4,greedy_swap,67895.5369,67884.6520,79118.9838
5,4,oracle,68348.3883,68339.7565,80090.9403
5,4,random_search,68199.8747,68191.9032,78843.2210
5,4,simulated_annealing,68522.4669,68513.1528,79494.6639
5,4,simulated_annealing_popstart,68489.8705,68479.8750,79275.5961
5,4,GA,68476.9307,68467.0382,79392.4533
5,5,random_valid,67941.9911,67930.9477,78517.4665
5,5,perimeter_only,67979.2168,67968.8269,78983.9170
5,5,popularity_rank,67780.5615,67770.7473,78773.2338
5,5,greedy_swap,67895.0167,67884.6520,79118.9838
5,5,oracle,68348.6921,68339.7565,80090.9403
5,5,random_search,68183.3054,68173.6481,78764.9027
5,5,simulated_annealing,68542.9069,68531.6394,79288.9630
5,5,simulated_annealing_popstart,68458.9814,68449.1882,79601.0627
5,5,GA,68578.7517,68566.5328,79935.3172
5,6,random_valid,68003.4266,67930.9477,78517.4665
5,6,perimeter_only,68040.9923,67968.8269,78983.9170
5,6,popularity_rank,67842.2679,67770.7473,78773.2338
5,6,greedy_swap,67956.4537,67884.6520,79118.9838
5,6,oracle,68411.0494,68339.7565,80090.9403
5,6,random_search,68258.7067,68187.4081,78651.0461
5,6,simulated_annealing,68555.4951,68482.3096,79761.9706
5,6,simulated_annealing_popstart,68565.2068,68492.2771,79749.1331
5,6,GA,68582.1320,68508.6424,79080.0978
5,7,random_valid,67896.9296,67930.9477,78517.4665
5,7,perimeter_only,67933.6755,67968.8269,78983.9170
5,7,popularity_rank,67737.2085,67770.7473,78773.2338
5,7,greedy_swap,67850.1057,67884.6520,79118.9838
5,7,oracle,68304.7728,68339.7565,80090.9403
5,7,random_search,68164.5764,68199.9043,79265.8445
5,7,simulated_annealing,68511.7182,68546.8912,79156.9980
5,7,simulated_annealing_popstart,68441.3640,68476.5530,79477.2126
5,7,GA,68559.0981,68594.0930,79658.7607
5,8,random_valid,67917.1508,67930.9477,78517.4665
5,8,perimeter_only,67954.4525,67968.8269,78983.9170
5,8,popularity_rank,67757.2057,67770.7473,78773.2338
5,8,greedy_swap,67870.7035,67884.6520,79118.9838
5,8,oracle,68323.1354,68339.7565,80090.9403
5,8,random_search,68220.7265,68235.7998,79092.8927
5,8,simulated_annealing,68483.4691,68502.8582,79317.1174
5,8,simulated_annealing_popstart,68455.4756,68474.5594,79299.0867
5,8,GA,68496.5776,68515.9241,79425.5710
5,9,random_valid,67994.8923,67930.9477,78517.4665
5,9,perimeter_only,68033.6847,67968.8269,78983.9170
5,9,popularity_rank,67835.0951,67770.7473,78773.2338
5,9,greedy_swap,67949.4742,67884.6520,79118.9838
5,9,oracle,68405.8590,68339.7565,80090.9403
5,9,random_search,68336.8514,68270.5440,79007.9418
5,9,simulated_annealing,68630.5973,68566.7050,79630.7104
5,9,simulated_annealing_popstart,68559.4317,68496.4845,79519.2813
5,9,GA,68527.8509,68463.5905,79494.3507
6,0,random_valid,64092.7797,64104.7424,70073.1413
6,0,perimeter_only,63740.8443,63749.8629,66566.7666
6,0,popularity_rank,64003.6683,64014.0048,69995.7927
6,0,greedy_swap,64295.9628,64306.3024,70417.3571
6,0,oracle,64323.2545,64332.9590,71372.3675
6,0,random_search,64591.5842,64601.5190,70130.3374
6,0,simulated_annealing,64901.6712,64910.3529,70386.7133
6,0,simulated_annealing_popstart,64808.2892,64815.7744,70195.9907
6,0,GA,64644.2221,64655.5012,70479.4299
6,1,random_valid,64067.4993,64104.7424,70073.1413
6,1,perimeter_only,63712.3973,63749.8629,66566.7666
6,1,popularity_rank,63976.4793,64014.0048,69995.7927
6,1,greedy_swap,64267.9951,64306.3024,70417.3571
6,1,oracle,64295.5223,64332.9590,71372.3675
6,1,random_search,64527.5935,64566.3076,70542.1593
6,1,simulated_annealing,64881.8331,64918.7261,70264.9818
6,1,simulated_annealing_popstart,64663.5701,64700.9028,70055.9024
6,1,GA,64690.9534,64728.7886,70234.1415
6,2,random_valid,64141.4171,64104.7424,70073.1413
6,2,perimeter_only,63783.6485,63749.8629,66566.7666
6,2,popularity_rank,64050.5367,64014.0048,69995.7927
6,2,greedy_swap,64343.8679,64306.3024,70417.3571
6,2,oracle,64369.8757,64332.9590,71372.3675
6,2,random_search,64532.5378,64497.6223,69769.1945
6,2,simulated_annealing,64791.0979,64755.8277,70341.4093
6,2,simulated_annealing_popstart,64696.7405,64661.8091,70061.0882
6,2,GA,64925.0114,64890.5190,70409.6479
6,3,random_valid,64112.3849,64104.7424,70073.1413
6,3,perimeter_only,63756.5823,63749.8629,66566.7666
6,3,popularity_rank,64022.4116,64014.0048,69995.7927
6,3,greedy_swap,64312.0021,64306.3024,70417.3571
6,3,oracle,64338.8995,64332.9590,71372.3675
6,3,random_search,64503.2301,64495.5873,69816.4959
6,3,simulated_annealing,64759.3645,64752.6049,70330.7302
6,3,simulated_annealing_popstart,64751.0210,64744.3571,70266.5463
6,3,GA,64747.6275,64740.9453,70370.3182
6,4,random_valid,64090.9567,64104.7424,70073.1413
6,4,perimeter_only,63736.7333,63749.8629,66566.7666
6,4,popularity_rank,64000.1270,64014.0048,69995.7927
6,4,greedy_swap,64293.9616,64306.3024,70417.3571
6,4,oracle,64320.0284,64332.9590,71372.3675
6,4,random_search,64571.6031,64585.1804,69968.6904
6,4,simulated_annealing,64912.3845,64925.7010,70388.7423
6,4,simulated_annealing_popstart,64834.2890,64845.7465,70255.2017
6,4,GA,64888.7474,64901.2874,70345.0793
6,5,random_valid,64147.3023,64104.7424,70073.1413
6,5,perimeter_only,63793.3248,63749.8629,66566.7666
6,5,popularity_rank,64055.8755,64014.0048,69995.7927
6,5,greedy_swap,64349.1743,64306.3024,70417.3571
6,5,oracle,64375.3387,64332.9590,71372.3675
6,5,random_search,64596.0889,64554.1137,70305.5607
6,5,simulated_annealing,64970.5872,64928.2373,70397.2840
6,5,simulated_annealing_popstart,64621.0020,64578.1726,70068.6484
6,5,GA,64932.4094,64890.3674,70418.5728
6,6,random_valid,64067.2865,64104.7424,70073.1413
6,6,perimeter_only,63712.6662,63749.8629,66566.7666
6,6,popularity_rank,63977.0133,64014.0048,69995.7927
6,6,greedy_swap,64269.5359,64306.3024,70417.3571
6,6,oracle,64295.6808,64332.9590,71372.3675
6,6,random_search,64475.4811,64511.2181,70496.9198
6,6,simulated_annealing,64855.0814,64894.6395,70404.0049
6,6,simulated_annealing_popstart,64788.0967,64827.3023,70247.7929
6,6,GA,64753.3875,64791.1498,70239.3425
6,7,random_valid,64104.1980,64104.7424,70073.1413
6,7,perimeter_only,63751.8407,63749.8629,66566.7666
6,7,popularity_rank,64014.5603,64014.0048,69995.7927
6,7,greedy_swap,64306.9763,64306.3024,70417.3571
6,7,oracle,64333.9552,64332.9590,71372.3675
6,7,random_search,64545.4497,64543.4907,70370.3771
6,7,simulated_annealing,64894.3522,64890.6265,70434.3657
6,7,simulated_annealing_popstart,64920.5432,64917.9426,70431.4482
6,7,GA,64770.9402,64767.8360,70315.4145
6,8,random_valid,64147.0299,64104.7424,70073.1413
6,8,perimeter_only,63790.2668,63749.8629,66566.7666
6,8,popularity_rank,64056.3615,64014.0048,69995.7927
6,8,greedy_swap,64349.3599,64306.3024,70417.3571
6,8,oracle,64374.7559,64332.9590,71372.3675
6,8,random_search,64581.2782,64539.1425,69915.6136
6,8,simulated_annealing,64941.9407,64903.6001,70384.4652
6,8,simulated_annealing_popstart,64723.1554,64683.9476,70066.6788
6,8,GA,64925.8979,64887.5382,70372.6280
6,9,random_valid,64113.9130,64104.7424,70073.1413
6,9,perimeter_only,63758.1713,63749.8629,66566.7666
6,9,popularity_rank,64024.4851,64014.0048,69995.7927
6,9,greedy_swap,64316.6999,64306.3024,70417.3571
6,9,oracle,64344.0493,64332.9590,71372.3675
6,9,random_search,64542.9300,64533.5850,70337.3937
6,9,simulated_annealing,64855.5958,64845.2004,70339.8041
6,9,simulated_annealing_popstart,64837.7885,64827.3384,70193.6036
6,9,GA,64920.6262,64910.8012,70437.9945
7,0,random_valid,64243.4008,64180.2700,64116.8895
7,0,perimeter_only,64530.2507,64465.2034,64866.7098
7,0,popularity_rank,64485.1020,64419.7411,65121.8116
7,0,greedy_swap,64514.7759,64449.8515,65827.2417
7,0,oracle,64734.9761,64669.3874,66695.1032
7,0,random_search,64911.1140,64844.0810,65659.7905
7,0,simulated_annealing,64953.4233,64887.7638,64333.3783
7,0,simulated_annealing_popstart,65110.0670,65044.9691,65397.7625
7,0,GA,65230.8087,65166.7341,65767.7067
7,1,random_valid,64185.9105,64180.2700,64116.8895
7,1,perimeter_only,64473.0775,64465.2034,64866.7098
7,1,popularity_rank,64427.3362,64419.7411,65121.8116
7,1,greedy_swap,64457.2565,64449.8515,65827.2417
7,1,oracle,64677.9344,64669.3874,66695.1032
7,1,random_search,64848.0596,64838.4967,65883.5043
7,1,simulated_annealing,65102.8512,65093.2940,66076.1010
7,1,simulated_annealing_popstart,65197.6436,65189.4461,65857.8631
7,1,GA,65112.0518,65102.6335,66063.9513
7,2,random_valid,64184.9042,64180.2700,64116.8895
7,2,perimeter_only,64467.0041,64465.2034,64866.7098
7,2,popularity_rank,64421.8507,64419.7411,65121.8116
7,2,greedy_swap,64452.0001,64449.8515,65827.2417
7,2,oracle,64672.4486,64669.3874,66695.1032
7,2,random_search,64746.5987,64742.7077,65977.1165
7,2,simulated_annealing,64884.3698,64882.5381,64553.7380
7,2,simulated_annealing_popstart,65045.8590,65043.2787,65393.0682
7,2,GA,64859.5075,64857.7664,64729.7858
7,3,random_valid,64162.8203,64180.2700,64116.8895
7,3,perimeter_only,64446.4417,64465.2034,64866.7098
7,3,popularity_rank,64400.8866,64419.7411,65121.8116
7,3,greedy_swap,64431.0714,64449.8515,65827.2417
7,3,oracle,64648.9910,64669.3874,66695.1032
7,3,random_search,64832.8455,64854.0471,65742.1566
7,3,simulated_annealing,64861.2061,64882.6757,64601.1651
7,3,simulated_annealing_popstart,65166.6146,65184.6987,65834.4804
7,3,GA,64791.7401,64813.2697,64008.9095
7,4,random_valid,64201.7525,64180.2700,64116.8895
7,4,perimeter_only,64487.8876,64465.2034,64866.7098
7,4,popularity_rank,64442.1056,64419.7411,65121.8116
7,4,greedy_swap,64472.7706,64449.8515,65827.2417
7,4,oracle,64695.4402,64669.3874,66695.1032
7,4,random_search,64850.1028,64824.2737,65727.2679
7,4,simulated_annealing,64880.9379,64855.3788,64687.9656
7,4,simulated_annealing_popstart,65091.1466,65065.9256,65302.3485
7,4,GA,65168.7311,65144.8666,65842.4307
7,5,random_valid,64209.0777,64180.2700,64116.8895
7,5,perimeter_only,64492.9145,64465.2034,64866.7098
7,5,popularity_rank,64447.4248,64419.7411,65121.8116
7,5,greedy_swap,64477.6636,64449.8515,65827.2417
7,5,oracle,64698.3500,64669.3874,66695.1032
7,5,random_search,64789.2433,64759.9211,65892.3610
7,5,simulated_annealing,64889.3774,64859.7178,64592.1650
7,5,simulated_annealing_popstart,65109.9812,65080.5898,65299.0984
7,5,GA,65136.2922,65107.1518,65860.9536
7,6,random_valid,64171.7570,64180.2700,64116.8895
7,6,perimeter_only,64456.5819,64465.2034,64866.7098
7,6,popularity_rank,64411.3097,64419.7411,65121.8116
7,6,greedy_swap,64441.8381,64449.8515,65827.2417
7,6,oracle,64660.8786,64669.3874,66695.1032
7,6,random_search,64753.2397,64762.1390,65687.2371
7,6,simulated_annealing,65146.9475,65158.1794,65981.8191
7,6,simulated_annealing_popstart,65020.8870,65031.0722,65317.3589
7,6,GA,64887.3090,64897.3924,64150.2695
7,7,random_valid,64188.9762,64180.2700,64116.8895
7,7,perimeter_only,64472.7763,64465.2034,64866.7098
7,7,popularity_rank,64427.1322,64419.7411,65121.8116
7,7,greedy_swap,64457.5159,64449.8515,65827.2417
7,7,oracle,64678.0630,64669.3874,66695.1032
7,7,random_search,64726.8277,64717.5586,65968.3093
7,7,simulated_annealing,64826.3332,64817.4625,64034.6314
7,7,simulated_annealing_popstart,65154.7160,65145.5920,66035.2978
7,7,GA,65095.9094,65086.5187,65957.4828
7,8,random_valid,64180.3415,64180.2700,64116.8895
7,8,perimeter_only,64468.1049,64465.2034,64866.7098
7,8,popularity_rank,64422.1588,64419.7411,65121.8116
7,8,greedy_swap,64452.5638,64449.8515,65827.2417
7,8,oracle,64671.7941,64669.3874,66695.1032
7,8,random_search,64809.0546,64808.3740,65925.7012
7,8,simulated_annealing,64909.9190,64909.2258,64644.4826
7,8,simulated_annealing_popstart,65094.8031,65094.6494,65275.5178
7,8,GA,65128.6913,65128.2866,65920.4911
7,9,random_valid,64306.3150,64180.2700,64116.8895
7,9,perimeter_only,64593.6278,64465.2034,64866.7098
7,9,popularity_rank,64547.6380,64419.7411,65121.8116
7,9,greedy_swap,64578.4058,64449.8515,65827.2417
7,9,oracle,64796.3598,64669.3874,66695.1032
7,9,random_search,64892.0594,64763.9186,65318.6367
7,9,simulated_annealing,65238.3744,65111.2388,66084.8848
7,9,simulated_annealing_popstart,65205.3611,65077.5676,65356.4891
7,9,GA,64990.8566,64862.9143,64487.9223
8,0,random_valid,72829.3580,72834.9654,71009.5524
8,0,perimeter_only,73092.5778,73097.4689,70851.6502
8,0,popularity_rank,72781.1630,72786.7651,70419.4468
8,0,greedy_swap,72956.3699,72962.5674,71108.0703
8,0,oracle,73493.9402,73495.6402,72182.7110
8,0,random_search,73399.5213,73401.9978,71160.7696
8,0,simulated_annealing,73693.0204,73697.3035,71524.2346
8,0,simulated_annealing_popstart,73713.4532,73717.1326,71506.8155
8,0,GA,73700.3453,73704.4991,71551.1794
8,1,random_valid,72729.5107,72834.9654,71009.5524
8,1,perimeter_only,72990.4063,73097.4689,70851.6502
8,1,popularity_rank,72680.2679,72786.7651,70419.4468
8,1,greedy_swap,72855.2264,72962.5674,71108.0703
8,1,oracle,73387.5131,73495.6402,72182.7110
8,1,random_search,73247.7402,73355.2188,71449.0089
8,1,simulated_annealing,73574.8144,73679.6342,71544.9151
8,1,simulated_annealing_popstart,73436.8401,73543.7829,70546.7213
8,1,GA,73532.8420,73639.9805,71555.4291
8,2,random_valid,72877.2000,72834.9654,71009.5524
8,2,perimeter_only,73138.6267,73097.4689,70851.6502
8,2,popularity_rank,72829.1806,72786.7651,70419.4468
8,2,greedy_swap,73002.9144,72962.5674,71108.0703
8,2,oracle,73536.5487,73495.6402,72182.7110
8,2,random_search,73353.6362,73311.2819,71136.2307
8,2,simulated_annealing,73874.2258,73831.3579,71646.2950
8,2,simulated_annealing_popstart,73813.5190,73771.4228,70948.0638
8,2,GA,73722.6698,73680.7808,71459.7882
8,3,random_valid,72840.3268,72834.9654,71009.5524
8,3,perimeter_only,73102.4497,73097.4689,70851.6502
8,3,popularity_rank,72791.9890,72786.7651,70419.4468
8,3,greedy_swap,72968.8349,72962.5674,71108.0703
8,3,oracle,73500.5194,73495.6402,72182.7110
8,3,random_search,73372.7510,73367.8865,71512.4496
8,3,simulated_annealing,73711.0024,73706.3643,71602.1867
8,3,simulated_annealing_popstart,73737.3573,73732.6625,71233.1712
8,3,GA,73660.1721,73655.2145,71597.2807
8,4,random_valid,72771.2656,72834.9654,71009.5524
8,4,perimeter_only,73032.0737,73097.4689,70851.6502
8,4,popularity_rank,72722.8920,72786.7651,70419.4468
8,4,greedy_swap,72897.5488,72962.5674,71108.0703
8,4,oracle,73429.2902,73495.6402,72182.7110
8,4,random_search,73219.7756,73286.3285,71256.6658
8,4,simulated_annealing,73632.0697,73699.8054,71641.4663
8,4,simulated_annealing_popstart,73592.3469,73660.0101,70970.3233
8,4,GA,73606.9619,73674.7227,71360.1521
8,5,random_valid,72770.1573,72834.9654,71009.5524
8,5,perimeter_only,73033.8267,73097.4689,70851.6502
8,5,popularity_rank,72722.1680,72786.7651,70419.4468
8,5,greedy_swap,72898.7472,72962.5674,71108.0703
8,5,oracle,73430.0850,73495.6402,72182.7110
8,5,random_search,73345.2592,73409.9459,71378.5971
8,5,simulated_annealing,73632.5990,73697.7568,71646.0401
8,5,simulated_annealing_popstart,73565.8197,73632.2661,71059.3708
8,5,GA,73613.2707,73679.0261,71394.8272
8,6,random_valid,72896.9349,72834.9654,71009.5524
8,6,perimeter_only,73158.1419,73097.4689,70851.6502
8,6,popularity_rank,72849.3491,72786.7651,70419.4468
8,6,greedy_swap,73022.2632,72962.5674,71108.0703
8,6,oracle,73557.1287,73495.6402,72182.7110
8,6,random_search,73473.3370,73411.2411,71565.5394
8,6,simulated_annealing,73749.2385,73686.4484,71665.7105
8,6,simulated_annealing_popstart,73779.6161,73717.2559,71603.2612
8,6,GA,73746.4400,73683.4940,71589.8336
8,7,random_valid,72837.4410,72834.9654,71009.5524
8,7,perimeter_only,73098.9162,73097.4689,70851.6502
8,7,popularity_rank,72789.2617,72786.7651,70419.4468
8,7,greedy_swap,72963.2225,72962.5674,71108.0703
8,7,oracle,73497.1902,73495.6402,72182.7110
8,7,random_search,73353.1334,73350.9146,71400.1422
8,7,simulated_annealing,73680.4068,73674.7613,71574.4964
8,7,simulated_annealing_popstart,73546.7794,73544.4585,70922.4595
8,7,GA,73764.2726,73759.4270,71489.3322
8,8,random_valid,72878.5465,72834.9654,71009.5524
8,8,perimeter_only,73142.2129,73097.4689,70851.6502
8,8,popularity_rank,72830.2020,72786.7651,70419.4468
8,8,greedy_swap,73005.9927,72962.5674,71108.0703
8,8,oracle,73534.3071,73495.6402,72182.7110
8,8,random_search,73434.1016,73392.9503,71584.9579
8,8,simulated_annealing,73745.9593,73704.3861,71506.3539
8,8,simulated_annealing_popstart,73688.4627,73647.2169,70996.7456
8,8,GA,73722.9702,73681.9616,71535.5660
8,9,random_valid,72908.7809,72834.9654,71009.5524
8,9,perimeter_only,73172.0219,73097.4689,70851.6502
8,9,popularity_rank,72860.2848,72786.7651,70419.4468
8,9,greedy_swap,73037.0819,72962.5674,71108.0703
8,9,oracle,73570.7575,73495.6402,72182.7110
8,9,random_search,73383.6952,73308.2487,71302.9848
8,9,simulated_annealing,73818.1454,73740.1758,71460.1289
8,9,simulated_annealing_popstart,73813.6430,73735.5763,71458.8920
8,9,GA,73855.0972,73777.8542,71697.1749
9,0,random_valid,59233.7314,59168.6057,63849.1625
9,0,perimeter_only,59078.8342,59013.1380,63426.1803
9,0,popularity_rank,59164.6479,59098.9014,64146.2645
9,0,greedy_swap,59252.0820,59188.0086,64229.0296
9,0,oracle,59692.8509,59627.8146,64960.2462
9,0,random_search,59518.9862,59454.9619,64508.5899
9,0,simulated_annealing,59888.4751,59823.0607,64369.2246
9,0,simulated_annealing_popstart,59839.8116,59775.2240,64434.8029
9,0,GA,59666.2529,59601.4222,63970.6379
9,1,random_valid,59248.1806,59168.6057,63849.1625
9,1,perimeter_only,59091.5528,59013.1380,63426.1803
9,1,popularity_rank,59177.8680,59098.9014,64146.2645
9,1,greedy_swap,59268.0367,59188.0086,64229.0296
9,1,oracle,59708.0853,59627.8146,64960.2462
9,1,random_search,59562.9531,59482.2522,64592.2683
9,1,simulated_annealing,59775.6083,59695.3738,64212.9634
9,1,simulated_annealing_popstart,59842.3555,59763.3205,64478.6989
9,1,GA,59781.2241,59700.9691,64203.5615
9,2,random_valid,59169.4280,59168.6057,63849.1625
9,2,perimeter_only,59012.5961,59013.1380,63426.1803
9,2,popularity_rank,59099.1859,59098.9014,64146.2645
9,2,greedy_swap,59187.6636,59188.0086,64229.0296
9,2,oracle,59626.5954,59627.8146,64960.2462
9,2,random_search,59389.6707,59391.6464,64650.7957
9,2,simulated_annealing,59813.6673,59816.4326,64355.1913
9,2,simulated_annealing_popstart,59868.2846,59870.2761,64559.4431
9,2,GA,59612.7748,59614.3082,64076.3359
9,3,random_valid,59129.6897,59168.6057,63849.1625
9,3,perimeter_only,58973.8125,59013.1380,63426.1803
9,3,popularity_rank,59060.5002,59098.9014,64146.2645
9,3,greedy_swap,59150.0040,59188.0086,64229.0296
9,3,oracle,59586.6380,59627.8146,64960.2462
9,3,random_search,59385.4665,59424.9977,64497.3238
9,3,simulated_annealing,59627.0611,59667.1615,64282.0388
9,3,simulated_annealing_popstart,59826.3062,59865.5524,64469.7126
9,3,GA,59650.2911,59690.1823,64092.9237
9,4,random_valid,59199.7252,59168.6057,63849.1625
9,4,perimeter_only,59043.8029,59013.1380,63426.1803
9,4,popularity_rank,59131.1467,59098.9014,64146.2645
9,4,greedy_swap,59219.5708,59188.0086,64229.0296
9,4,oracle,59658.5516,59627.8146,64960.2462
9,4,random_search,59523.1775,59491.2046,64476.8027
9,4,simulated_annealing,59713.8208,59683.1704,64296.9359
9,4,simulated_annealing_popstart,59819.6448,59785.6967,64485.6637
9,4,GA,59745.5839,59713.7311,64181.1566
9,5,random_valid,59237.8206,59168.6057,63849.1625
9,5,perimeter_only,59080.8896,59013.1380,63426.1803
9,5,popularity_rank,59167.3657,59098.9014,64146.2645
9,5,greedy_swap,59256.7600,59188.0086,64229.0296
9,5,oracle,59696.3236,59627.8146,64960.2462
9,5,random_search,59482.9547,59415.6585,64364.2884
9,5,simulated_annealing,59704.4985,59635.5100,64086.7270
9,5,simulated_annealing_popstart,59827.6612,59757.7506,64405.8244
9,5,GA,59692.3194,59623.3483,64040.6060
9,6,random_valid,59177.6118,59168.6057,63849.1625
9,6,perimeter_only,59021.7325,59013.1380,63426.1803
9,6,popularity_rank,59108.4659,59098.9014,64146.2645
9,6,greedy_swap,59197.7448,59188.0086,64229.0296
9,6,oracle,59635.8719,59627.8146,64960.2462
9,6,random_search,59447.7877,59438.7431,64342.0116
9,6,simulated_annealing,59644.5713,59637.0852,63945.8453
9,6,simulated_annealing_popstart,59767.0682,59759.3618,64377.5910
9,6,GA,59692.8517,59684.6141,64203.9052
9,7,random_valid,59196.8389,59168.6057,63849.1625
9,7,perimeter_only,59042.4827,59013.1380,63426.1803
9,7,popularity_rank,59127.4685,59098.9014,64146.2645
9,7,greedy_swap,59216.1601,59188.0086,64229.0296
9,7,oracle,59656.2656,59627.8146,64960.2462
9,7,random_search,59453.6751,59425.3743,64488.3039
9,7,simulated_annealing,59667.1655,59639.2281,63972.3187
9,7,simulated_annealing_popstart,59805.6845,59777.3364,64410.9907
9,7,GA,59745.3183,59717.0043,64191.7158
9,8,random_valid,59181.1596,59168.6057,63849.1625
9,8,perimeter_only,59025.3563,59013.1380,63426.1803
9,8,popularity_rank,59111.8752,59098.9014,64146.2645
9,8,greedy_swap,59199.9803,59188.0086,64229.0296
9,8,oracle,59639.0132,59627.8146,64960.2462
9,8,random_search,59513.0972,59500.7921,64447.3928
9,8,simulated_annealing,59796.9403,59785.0994,64496.9359
9,8,simulated_annealing_popstart,59801.7386,59789.9459,64486.1349
9,8,GA,59605.7743,59594.3718,64009.6946
9,9,random_valid,59207.5283,59168.6057,63849.1625
9,9,perimeter_only,59052.3315,59013.1380,63426.1803
9,9,popularity_rank,59137.5749,59098.9014,64146.2645
9,9,greedy_swap,59226.0306,59188.0086,64229.0296
9,9,oracle,59663.3187,59627.8146,64960.2462
9,9,random_search,59492.7669,59455.0577,64342.8999
9,9,simulated_annealing,59765.3605,59727.8447,64255.5532
9,9,simulated_annealing_popstart,59806.8383,59769.8659,64487.1205
9,9,GA,59667.4286,59632.0319,64250.5932
10,0,random_valid,50372.2019,50377.8794,51054.0146
10,0,perimeter_only,50433.7418,50438.8012,51276.9821
10,0,popularity_rank,50387.8162,50393.0822,51687.5178
10,0,greedy_swap,50409.4984,50415.0814,51690.4863
10,0,oracle,50564.2811,50569.7548,52260.6232
10,0,random_search,50636.6523,50642.4755,51965.6846
10,0,simulated_annealing,50790.5556,50797.4706,51720.5888
10,0,simulated_annealing_popstart,50882.9883,50888.3752,51951.2547
10,0,GA,50773.0607,50779.8623,51778.8287
10,1,random_valid,50396.0273,50377.8794,51054.0146
10,1,perimeter_only,50457.8867,50438.8012,51276.9821
10,1,popularity_rank,50412.5000,50393.0822,51687.5178
10,1,greedy_swap,50433.8424,50415.0814,51690.4863
10,1,oracle,50588.6320,50569.7548,52260.6232
10,1,random_search,50671.1853,50652.0133,51368.3805
10,1,simulated_annealing,50933.4427,50914.1385,51910.0827
10,1,simulated_annealing_popstart,50923.8302,50904.4851,51896.0670
10,1,GA,50776.2244,50756.0646,51878.1705
10,2,random_valid,50376.9439,50377.8794,51054.0146
10,2,perimeter_only,50437.6650,50438.8012,51276.9821
10,2,popularity_rank,50391.3911,50393.0822,51687.5178
10,2,greedy_swap,50413.9968,50415.0814,51690.4863
10,2,oracle,50568.0750,50569.7548,52260.6232
10,2,random_search,50638.9991,50639.5811,51799.3805
10,2,simulated_annealing,50929.6185,50931.7419,51981.1244
10,2,simulated_annealing_popstart,50935.5484,50937.3260,51980.1821
10,2,GA,50766.4451,50767.8451,51550.3008
10,3,random_valid,50339.8063,50377.8794,51054.0146
10,3,perimeter_only,50399.5809,50438.8012,51276.9821
10,3,popularity_rank,50353.8173,50393.0822,51687.5178
10,3,greedy_swap,50375.8291,50415.0814,51690.4863
10,3,oracle,50530.9443,50569.7548,52260.6232
10,3,random_search,50596.0968,50634.7205,51693.1390
10,3,simulated_annealing,50909.8077,50950.7473,51959.6255
10,3,simulated_annealing_popstart,50857.1722,50898.1233,51983.3594
10,3,GA,50723.7427,50763.7057,51662.2487
10,4,random_valid,50381.1039,50377.8794,51054.0146
10,4,perimeter_only,50442.6758,50438.8012,51276.9821
10,4,popularity_rank,50396.7219,50393.0822,51687.5178
10,4,greedy_swap,50419.0096,50415.0814,51690.4863
10,4,oracle,50575.2967,50569.7548,52260.6232
10,4,random_search,50644.8422,50639.8185,51459.5127
10,4,simulated_annealing,50794.5628,50788.9946,51801.7456
10,4,simulated_annealing_popstart,50886.8342,50881.8273,51861.3466
10,4,GA,50803.0287,50796.9605,51739.3993
10,5,random_valid,50366.9105,50377.8794,51054.0146
10,5,perimeter_only,50427.1847,50438.8012,51276.9821
10,5,popularity_rank,50381.4967,50393.0822,51687.5178
10,5,greedy_swap,50403.6273,50415.0814,51690.4863
10,5,oracle,50559.9412,50569.7548,52260.6232
10,5,random_search,50653.3619,50662.3012,51698.8508
10,5,simulated_annealing,50756.8017,50764.5747,51633.0764
10,5,simulated_annealing_popstart,50841.2650,50848.0124,51908.2919
10,5,GA,50772.4575,50779.8542,51752.1174
10,6,random_valid,50376.7312,50377.8794,51054.0146
10,6,perimeter_only,50439.5910,50438.8012,51276.9821
10,6,popularity_rank,50393.8660,50393.0822,51687.5178
10,6,greedy_swap,50415.8181,50415.0814,51690.4863
10,6,oracle,50570.6539,50569.7548,52260.6232
10,6,random_search,50625.9092,50624.5745,51602.3410
10,6,simulated_annealing,50786.4189,50786.2868,51768.8739
10,6,simulated_annealing_popstart,50929.8580,50930.0596,51959.0161
10,6,GA,50743.1733,50742.7418,51749.6598
10,7,random_valid,50368.1615,50377.8794,51054.0146
10,7,perimeter_only,50428.7076,50438.8012,51276.9821
10,7,popularity_rank,50383.2326,50393.0822,51687.5178
10,7,greedy_swap,50404.8452,50415.0814,51690.4863
10,7,oracle,50558.6186,50569.7548,52260.6232
10,7,random_search,50621.1681,50632.9077,51533.5913
10,7,simulated_annealing,50765.1123,50776.3134,51737.8684
10,7,simulated_annealing_popstart,50913.2983,50925.4540,51988.4869
10,7,GA,50883.3247,50895.6677,51886.6207
10,8,random_valid,50410.8159,50377.8794,51054.0146
10,8,perimeter_only,50471.4915,50438.8012,51276.9821
10,8,popularity_rank,50425.4287,50393.0822,51687.5178
10,8,greedy_swap,50447.8153,50415.0814,51690.4863
10,8,oracle,50602.6980,50569.7548,52260.6232
10,8,random_search,50726.9156,50693.1461,51788.2783
10,8,simulated_annealing,50787.2724,50752.5721,51634.1802
10,8,simulated_annealing_popstart,50934.9964,50900.8840,51967.9911
10,8,GA,50787.5006,50752.8902,51720.5924
10,9,random_valid,50394.7631,50377.8794,51054.0146
10,9,perimeter_only,50455.2204,50438.8012,51276.9821
10,9,popularity_rank,50409.6347,50393.0822,51687.5178
10,9,greedy_swap,50431.2724,50415.0814,51690.4863
10,9,oracle,50588.4336,50569.7548,52260.6232
10,9,random_search,50686.5840,50667.3195,51733.9031
10,9,simulated_annealing,50832.2220,50813.8032,51784.6713
10,9,simulated_annealing_popstart,50949.8969,50932.3594,51986.7359
10,9,GA,50909.3209,50891.7068,51834.8492
11,0,random_valid,64324.1534,64304.1642,59722.2103
11,0,perimeter_only,64825.9569,64803.9170,59374.6022
11,0,popularity_rank,64289.0438,64268.0739,59801.2290
11,0,greedy_swap,64649.1608,64627.8185,60167.3855
11,0,oracle,64889.8135,64865.5230,60835.0878
11,0,random_search,65027.6694,65002.5733,59760.9333
11,0,simulated_annealing,65112.0835,65087.7336,60294.0782
11,0,simulated_annealing_popstart,65022.0493,64997.5468,60246.9506
11,0,GA,65056.9497,65032.3351,59515.6755
11,1,random_valid,64230.3455,64304.1642,59722.2103
11,1,perimeter_only,64731.1945,64803.9170,59374.6022
11,1,popularity_rank,64192.7953,64268.0739,59801.2290
11,1,greedy_swap,64553.8197,64627.8185,60167.3855
11,1,oracle,64792.6692,64865.5230,60835.0878
11,1,random_search,64900.1309,64973.0090,59436.6212
11,1,simulated_annealing,65256.9316,65333.9652,60585.3436
11,1,simulated_annealing_popstart,65197.4729,65272.5713,60545.1734
11,1,GA,64990.0271,65063.5364,60307.5400
11,2,random_valid,64310.4009,64304.1642,59722.2103
11,2,perimeter_only,64810.0305,64803.9170,59374.6022
11,2,popularity_rank,64273.7824,64268.0739,59801.2290
11,2,greedy_swap,64632.8231,64627.8185,60167.3855
11,2,oracle,64870.6355,64865.5230,60835.0878
11,2,random_search,64989.5355,64984.1480,60488.8667
11,2,simulated_annealing,65334.8925,65329.8503,60584.9612
11,2,simulated_annealing_popstart,65024.1621,65020.5114,60239.5526
11,2,GA,65064.1968,65060.5746,60198.0626
11,3,random_valid,64326.2347,64304.1642,59722.2103
11,3,perimeter_only,64826.6922,64803.9170,59374.6022
11,3,popularity_rank,64290.3017,64268.0739,59801.2290
11,3,greedy_swap,64649.5016,64627.8185,60167.3855
11,3,oracle,64889.2046,64865.5230,60835.0878
11,3,random_search,64992.4101,64967.5504,59399.6054
11,3,simulated_annealing,65326.7460,65301.1840,60517.7140
11,3,simulated_annealing_popstart,65055.2815,65030.2689,59883.0550
11,3,GA,65095.9030,65071.7286,60283.5967
11,4,random_valid,64287.3321,64304.1642,59722.2103
11,4,perimeter_only,64786.2048,64803.9170,59374.6022
11,4,popularity_rank,64252.0573,64268.0739,59801.2290
11,4,greedy_swap,64611.1267,64627.8185,60167.3855
11,4,oracle,64847.0953,64865.5230,60835.0878
11,4,random_search,64923.3217,64941.2764,59495.4416
11,4,simulated_annealing,65041.8801,65057.9681,60226.9929
11,4,simulated_annealing_popstart,64976.8814,64993.9725,60169.9697
11,4,GA,65033.1759,65049.3015,60248.0355
11,5,random_valid,64323.0020,64304.1642,59722.2103
11,5,perimeter_only,64821.4394,64803.9170,59374.6022
11,5,popularity_rank,64286.2132,64268.0739,59801.2290
11,5,greedy_swap,64644.3163,64627.8185,60167.3855
11,5,oracle,64881.8601,64865.5230,60835.0878
11,5,random_search,64974.4620,64958.1167,60348.6675
11,5,simulated_annealing,65102.0348,65086.4407,60294.6320
11,5,simulated_annealing_popstart,65033.1153,65018.3274,60236.4143
11,5,GA,65093.8582,65078.0209,60295.1598
11,6,random_valid,64279.0140,64304.1642,59722.2103
11,6,perimeter_only,64779.0094,64803.9170,59374.6022
11,6,popularity_rank,64241.8680,64268.0739,59801.2290
11,6,greedy_swap,64600.9276,64627.8185,60167.3855
11,6,oracle,64840.7345,64865.5230,60835.0878
11,6,random_search,64984.8575,65008.9512,59947.8085
11,6,simulated_annealing,65048.2384,65071.9075,60258.6167
11,6,simulated_annealing_popstart,64891.2358,64915.0243,60258.7112
11,6,GA,65063.7384,65087.2518,60290.8357
11,7,random_valid,64251.9706,64304.1642,59722.2103
11,7,perimeter_only,64751.1752,64803.9170,59374.6022
11,7,popularity_rank,64215.5526,64268.0739,59801.2290
11,7,greedy_swap,64574.5351,64627.8185,60167.3855
11,7,oracle,64813.4815,64865.5230,60835.0878
11,7,random_search,64936.5594,64987.4219,59494.1562
11,7,simulated_annealing,65040.3662,65091.7995,60273.2657
11,7,simulated_annealing_popstart,64957.4556,65009.0114,60214.4751
11,7,GA,65261.2838,65313.7245,60579.6225
11,8,random_valid,64320.5225,64304.1642,59722.2103
11,8,perimeter_only,64823.1418,64803.9170,59374.6022
11,8,popularity_rank,64284.6426,64268.0739,59801.2290
11,8,greedy_swap,64645.0536,64627.8185,60167.3855
11,8,oracle,64885.0812,64865.5230,60835.0878
11,8,random_search,65041.2200,65023.5785,59463.0183
11,8,simulated_annealing,65108.9983,65092.4081,60299.6930
11,8,simulated_annealing_popstart,65122.1102,65105.0630,60304.6475
11,8,GA,65024.4910,65007.0674,60238.8721
11,9,random_valid,64332.0388,64304.1642,59722.2103
11,9,perimeter_only,64831.5672,64803.9170,59374.6022
11,9,popularity_rank,64296.6378,64268.0739,59801.2290
11,9,greedy_swap,64653.6323,64627.8185,60167.3855
11,9,oracle,64891.8156,64865.5230,60835.0878
11,9,random_search,65008.8285,64982.1839,60346.9452
11,9,simulated_annealing,65122.2603,65095.0668,60291.6299
11,9,simulated_annealing_popstart,65042.7891,65016.3023,60246.1664
11,9,GA,65341.5765,65314.2899,60598.5189
12,0,random_valid,58590.1295,58636.4850,72524.0203
12,0,perimeter_only,59060.1864,59107.6907,72020.3979
12,0,popularity_rank,58804.3911,58850.3568,73003.1562
12,0,greedy_swap,58889.5499,58935.8669,73821.1533
12,0,oracle,59099.6435,59147.1442,74972.4238
12,0,random_search,59241.8359,59290.3498,72682.1271
12,0,simulated_annealing,59576.6180,59624.9493,74616.0184
12,0,simulated_annealing_popstart,59577.4301,59625.6070,74125.9508
12,0,GA,59573.6078,59621.9939,74625.8118
12,1,random_valid,58652.5518,58636.4850,72524.0203
12,1,perimeter_only,59123.0536,59107.6907,72020.3979
12,1,popularity_rank,58867.2692,58850.3568,73003.1562
12,1,greedy_swap,58952.6319,58935.8669,73821.1533
12,1,oracle,59162.5381,59147.1442,74972.4238
12,1,random_search,59230.7757,59215.9423,72743.5807
12,1,simulated_annealing,59636.7883,59623.3451,74625.4493
12,1,simulated_annealing_popstart,59587.3693,59574.2142,74044.3957
12,1,GA,59610.6725,59596.8680,74477.7785
12,2,random_valid,58636.5162,58636.4850,72524.0203
12,2,perimeter_only,59106.7762,59107.6907,72020.3979
12,2,popularity_rank,58848.8804,58850.3568,73003.1562
12,2,greedy_swap,58934.5200,58935.8669,73821.1533
12,2,oracle,59146.2389,59147.1442,74972.4238
12,2,random_search,59278.7522,59279.0653,73887.4868
12,2,simulated_annealing,59644.5115,59648.0436,74649.4098
12,2,simulated_annealing_popstart,59558.8260,59561.2745,73878.4496
12,2,GA,59570.7654,59573.1856,74420.5046
12,3,random_valid,58693.4809,58636.4850,72524.0203
12,3,perimeter_only,59166.1442,59107.6907,72020.3979
12,3,popularity_rank,58909.7144,58850.3568,73003.1562
12,3,greedy_swap,58995.2350,58935.8669,73821.1533
12,3,oracle,59205.1349,59147.1442,74972.4238
12,3,random_search,59353.9524,59297.4565,73339.5495
12,3,simulated_annealing,59653.4654,59597.1284,74424.0710
12,3,simulated_annealing_popstart,59652.2417,59595.7463,74031.4753
12,3,GA,59650.0412,59593.6676,74498.1020
12,4,random_valid,58616.4849,58636.4850,72524.0203
12,4,perimeter_only,59085.8969,59107.6907,72020.3979
12,4,popularity_rank,58830.1821,58850.3568,73003.1562
12,4,greedy_swap,58914.4967,58935.8669,73821.1533
12,4,oracle,59125.5001,59147.1442,74972.4238
12,4,random_search,59219.1900,59239.5033,74052.6390
12,4,simulated_annealing,59624.5466,59645.4726,74645.9371
12,4,simulated_annealing_popstart,59572.8625,59593.8708,74176.2161
12,4,GA,59540.9747,59561.8242,74514.2345
12,5,random_valid,58652.1975,58636.4850,72524.0203
12,5,perimeter_only,59121.3403,59107.6907,72020.3979
12,5,popularity_rank,58866.3361,58850.3568,73003.1562
12,5,greedy_swap,58950.6500,58935.8669,73821.1533
12,5,oracle,59161.4307,59147.1442,74972.4238
12,5,random_search,59219.4152,59204.1866,72656.7371
12,5,simulated_annealing,59632.3639,59617.3718,74481.2868
12,5,simulated_annealing_popstart,59612.1055,59597.1716,74043.0860
12,5,GA,59626.1352,59611.1602,74598.5756
12,6,random_valid,58633.4133,58636.4850,72524.0203
12,6,perimeter_only,59105.1352,59107.6907,72020.3979
12,6,popularity_rank,58848.4017,58850.3568,73003.1562
12,6,greedy_swap,58933.7732,58935.8669,73821.1533
12,6,oracle,59145.1748,59147.1442,74972.4238
12,6,random_search,59248.5529,59250.9406,72476.0240
12,6,simulated_annealing,59593.9384,59596.9961,74705.4148
12,6,simulated_annealing_popstart,59528.6427,59530.9027,73793.5928
12,6,GA,59608.7334,59611.6752,74574.3516
12,7,random_valid,58607.9854,58636.4850,72524.0203
12,7,perimeter_only,59080.4921,59107.6907,72020.3979
12,7,popularity_rank,58820.8726,58850.3568,73003.1562
12,7,greedy_swap,58906.6788,58935.8669,73821.1533
12,7,oracle,59120.1205,59147.1442,74972.4238
12,7,random_search,59199.4096,59225.9521,72906.0747
12,7,simulated_annealing,59572.5692,59602.5037,74571.0754
12,7,simulated_annealing_popstart,59552.2127,59581.7506,73955.6085
12,7,GA,59583.7397,59613.3192,73657.8333
12,8,random_valid,58642.4690,58636.4850,72524.0203
12,8,perimeter_only,59113.5411,59107.6907,72020.3979
12,8,popularity_rank,58855.6147,58850.3568,73003.1562
12,8,greedy_swap,58939.8970,58935.8669,73821.1533
12,8,oracle,59153.2733,59147.1442,74972.4238
12,8,random_search,59277.3615,59272.0716,73438.3382
12,8,simulated_annealing,59664.9478,59657.6255,74696.4005
12,8,simulated_annealing_popstart,59598.7074,59591.5558,74015.6417
12,8,GA,59625.1130,59618.1064,74485.6398
12,9,random_valid,58608.5246,58636.4850,72524.0203
12,9,perimeter_only,59082.0154,59107.6907,72020.3979
12,9,popularity_rank,58825.0933,58850.3568,73003.1562
12,9,greedy_swap,58910.3188,58935.8669,73821.1533
12,9,oracle,59121.6716,59147.1442,74972.4238
12,9,random_search,59277.0341,59301.7105,73072.8777
12,9,simulated_annealing,59621.7855,59649.3879,74662.1694
12,9,simulated_annealing_popstart,59597.0034,59624.0291,74115.1904
12,9,GA,59545.8157,59573.2331,74454.4294
13,0,random_valid,80515.9848,80592.2877,87975.2114
13,0,perimeter_only,80723.4976,80800.8321,88913.8520
13,0,popularity_rank,80690.3567,80766.6679,88959.3976
13,0,greedy_swap,80712.3750,80789.4145,89021.5314
13,0,oracle,81056.3086,81134.6206,90095.7105
13,0,random_search,81241.3683,81321.4427,89008.3968
13,0,simulated_annealing,81493.8544,81574.4764,88251.5566
13,0,simulated_annealing_popstart,81595.0522,81675.3995,89568.8425
13,0,GA,81499.4259,81579.7318,88790.0854
13,1,random_valid,80529.1066,80592.2877,87975.2114
13,1,perimeter_only,80741.3578,80800.8321,88913.8520
13,1,popularity_rank,80707.1888,80766.6679,88959.3976
13,1,greedy_swap,80729.4320,80789.4145,89021.5314
13,1,oracle,81075.8461,81134.6206,90095.7105
13,1,random_search,81272.0222,81332.8766,88128.0175
13,1,simulated_annealing,81520.2705,81582.4072,88506.1992
13,1,simulated_annealing_popstart,81627.2027,81688.1269,89559.9939
13,1,GA,81644.2648,81705.3264,89227.8516
13,2,random_valid,80614.8409,80592.2877,87975.2114
13,2,perimeter_only,80822.9843,80800.8321,88913.8520
13,2,popularity_rank,80788.1708,80766.6679,88959.3976
13,2,greedy_swap,80811.1834,80789.4145,89021.5314
13,2,oracle,81156.9951,81134.6206,90095.7105
13,2,random_search,81324.9632,81301.9821,88917.0237
13,2,simulated_annealing,81643.8014,81621.1179,88571.4803
13,2,simulated_annealing_popstart,81697.7291,81675.7045,89502.3473
13,2,GA,81601.5452,81577.3279,88495.5190
13,3,random_valid,80554.5599,80592.2877,87975.2114
13,3,perimeter_only,80763.4444,80800.8321,88913.8520
13,3,popularity_rank,80728.5403,80766.6679,88959.3976
13,3,greedy_swap,80750.5517,80789.4145,89021.5314
13,3,oracle,81093.6033,81134.6206,90095.7105
13,3,random_search,81309.9472,81350.6415,89168.4549
13,3,simulated_annealing,81464.3030,81504.0880,88434.3449
13,3,simulated_annealing_popstart,81722.4606,81760.3610,89253.3274
13,3,GA,81523.4343,81561.7515,88550.0657
13,4,random_valid,80558.4584,80592.2877,87975.2114
13,4,perimeter_only,80765.0861,80800.8321,88913.8520
13,4,popularity_rank,80730.9012,80766.6679,88959.3976
13,4,greedy_swap,80753.3661,80789.4145,89021.5314
13,4,oracle,81098.5271,81134.6206,90095.7105
13,4,random_search,81321.7536,81358.0094,89062.0419
13,4,simulated_annealing,81684.3749,81720.2776,88619.0877
13,4,simulated_annealing_popstart,81594.0157,81630.4835,89467.2190
13,4,GA,81557.2260,81593.4214,88854.8087
13,5,random_valid,80534.3714,80592.2877,87975.2114
13,5,perimeter_only,80742.6403,80800.8321,88913.8520
13,5,popularity_rank,80707.9042,80766.6679,88959.3976
13,5,greedy_swap,80730.7277,80789.4145,89021.5314
13,5,oracle,81076.2998,81134.6206,90095.7105
13,5,random_search,81233.8901,81295.8787,88535.8277
13,5,simulated_annealing,81375.7958,81436.2896,88498.7490
13,5,simulated_annealing_popstart,81581.9010,81641.6514,89543.7699
13,5,GA,81471.0193,81531.0563,88436.1965
13,6,random_valid,80553.4945,80592.2877,87975.2114
13,6,perimeter_only,80762.9861,80800.8321,88913.8520
13,6,popularity_rank,80727.5495,80766.6679,88959.3976
13,6,greedy_swap,80750.4704,80789.4145,89021.5314
13,6,oracle,81098.3593,81134.6206,90095.7105
13,6,random_search,81217.9534,81254.7218,88914.0967
13,6,simulated_annealing,81537.4589,81576.4441,88636.5426
13,6,simulated_annealing_popstart,81635.4253,81674.3801,89554.8083
13,6,GA,81488.0603,81527.9302,88336.1824
13,7,random_valid,80608.1803,80592.2877,87975.2114
13,7,perimeter_only,80818.9792,80800.8321,88913.8520
13,7,popularity_rank,80783.8426,80766.6679,88959.3976
13,7,greedy_swap,80805.8018,80789.4145,89021.5314
13,7,oracle,81152.9869,81134.6206,90095.7105
13,7,random_search,81303.2252,81286.0965,89023.5512
13,7,simulated_annealing,81517.5732,81501.3216,87716.9770
13,7,simulated_annealing_popstart,81724.7798,81708.1543,89553.1763
13,7,GA,81661.1644,81645.7835,88611.9240
13,8,random_valid,80594.1172,80592.2877,87975.2114
13,8,perimeter_only,80800.5408,80800.8321,88913.8520
13,8,popularity_rank,80766.7164,80766.6679,88959.3976
13,8,greedy_swap,80789.6003,80789.4145,89021.5314
13,8,oracle,81133.7117,81134.6206,90095.7105
13,8,random_search,81312.0983,81314.9890,89219.7484
13,8,simulated_annealing,81698.5068,81699.6033,88506.7325
13,8,simulated_annealing_popstart,81668.6711,81669.5360,89594.0482
13,8,GA,81543.5262,81545.8151,88577.5613
13,9,random_valid,80587.1274,80592.2877,87975.2114
13,9,perimeter_only,80795.9375,80800.8321,88913.8520
13,9,popularity_rank,80762.0224,80766.6679,88959.3976
13,9,greedy_swap,80785.1081,80789.4145,89021.5314
13,9,oracle,81131.6041,81134.6206,90095.7105
13,9,random_search,81268.0945,81272.1602,88795.8829
13,9,simulated_annealing,81599.5488,81603.8912,88596.7001
13,9,simulated_annealing_popstart,81732.1063,81734.7657,89218.9849
13,9,GA,81535.6639,81539.4351,88546.0025
14,0,random_valid,44204.5260,44217.0186,42881.3313
14,0,perimeter_only,44310.0966,44322.2025,42887.0026
14,0,popularity_rank,44289.0527,44301.2122,42850.4206
14,0,greedy_swap,44311.0999,44323.1767,43149.8530
14,0,oracle,44382.2040,44394.5694,43665.0002
14,0,random_search,44524.6857,44537.9983,43288.4506
14,0,simulated_annealing,44774.1625,44786.6347,43333.7616
14,0,simulated_annealing_popstart,44761.1568,44773.6573,43097.5380
14,0,GA,44764.3487,44776.8937,43394.3394
14,1,random_valid,44191.0566,44217.0186,42881.3313
14,1,perimeter_only,44297.0922,44322.2025,42887.0026
14,1,popularity_rank,44276.4484,44301.2122,42850.4206
14,1,greedy_swap,44298.2973,44323.1767,43149.8530
14,1,oracle,44369.3382,44394.5694,43665.0002
14,1,random_search,44495.7788,44522.0877,43014.6658
14,1,simulated_annealing,44770.5981,44795.7293,43356.8090
14,1,simulated_annealing_popstart,44743.3674,44768.4797,43072.2073
14,1,GA,44749.4191,44774.6439,43342.7361
14,2,random_valid,44223.0340,44217.0186,42881.3313
14,2,perimeter_only,44327.8506,44322.2025,42887.0026
14,2,popularity_rank,44307.3069,44301.2122,42850.4206
14,2,greedy_swap,44329.4104,44323.1767,43149.8530
14,2,oracle,44401.3296,44394.5694,43665.0002
14,2,random_search,44597.7551,44590.3065,43213.9694
14,2,simulated_annealing,44800.3315,44792.9966,43426.6133
14,2,simulated_annealing_popstart,44778.6351,44770.9487,43063.8043
14,2,GA,44772.5009,44765.1588,43399.5767
14,3,random_valid,44211.0881,44217.0186,42881.3313
14,3,perimeter_only,44316.5469,44322.2025,42887.0026
14,3,popularity_rank,44295.6904,44301.2122,42850.4206
14,3,greedy_swap,44317.8399,44323.1767,43149.8530
14,3,oracle,44389.5724,44394.5694,43665.0002
14,3,random_search,44520.3765,44525.3305,42905.5703
14,3,simulated_annealing,44779.8541,44785.1434,43485.2868
14,3,simulated_annealing_popstart,44745.3704,44751.1190,43087.4225
14,3,GA,44764.7894,44769.8955,43267.0260
14,4,random_valid,44205.2817,44217.0186,42881.3313
14,4,perimeter_only,44309.7855,44322.2025,42887.0026
14,4,popularity_rank,44288.1323,44301.2122,42850.4206
14,4,greedy_swap,44309.9043,44323.1767,43149.8530
14,4,oracle,44381.4633,44394.5694,43665.0002
14,4,random_search,44509.9118,44522.9290,43376.6921
14,4,simulated_annealing,44787.4964,44798.3728,43325.2561
14,4,simulated_annealing_popstart,44758.9502,44769.4498,43113.1506
14,4,GA,44759.8641,44770.0374,43395.5409
14,5,random_valid,44182.9755,44217.0186,42881.3313
14,5,perimeter_only,44287.1210,44322.2025,42887.0026
14,5,popularity_rank,44265.9823,44301.2122,42850.4206
14,5,greedy_swap,44288.0924,44323.1767,43149.8530
14,5,oracle,44359.2439,44394.5694,43665.0002
14,5,random_search,44493.2324,44528.1743,43299.7676
14,5,simulated_annealing,44735.4397,44770.7086,43449.6465
14,5,simulated_annealing_popstart,44734.4519,44769.5849,43113.0937
14,5,GA,44748.3827,44783.4601,43345.8616
14,6,random_valid,44208.0527,44217.0186,42881.3313
14,6,perimeter_only,44312.6151,44322.2025,42887.0026
14,6,popularity_rank,44291.1747,44301.2122,42850.4206
14,6,greedy_swap,44313.5122,44323.1767,43149.8530
14,6,oracle,44386.1038,44394.5694,43665.0002
14,6,random_search,44554.7367,44562.9027,42809.9920
14,6,simulated_annealing,44775.0903,44782.6008,43333.6958
14,6,simulated_annealing_popstart,44769.9132,44777.4242,43066.6323
14,6,GA,44772.9561,44780.3772,43364.1763
14,7,random_valid,44279.4878,44217.0186,42881.3313
14,7,perimeter_only,44385.2586,44322.2025,42887.0026
14,7,popularity_rank,44363.6794,44301.2122,42850.4206
14,7,greedy_swap,44385.4645,44323.1767,43149.8530
14,7,oracle,44455.2751,44394.5694,43665.0002
14,7,random_search,44577.5850,44517.4520,43230.3587
14,7,simulated_annealing,44839.5832,44777.0876,43427.8050
14,7,simulated_annealing_popstart,44831.9412,44769.4562,43079.3873
14,7,GA,44857.2354,44795.1548,43332.2047
14,8,random_valid,44237.7956,44217.0186,42881.3313
14,8,perimeter_only,44342.4440,44322.2025,42887.0026
14,8,popularity_rank,44320.7050,44301.2122,42850.4206
14,8,greedy_swap,44343.1478,44323.1767,43149.8530
14,8,oracle,44415.2960,44394.5694,43665.0002
14,8,random_search,44537.3065,44516.3539,43181.7349
14,8,simulated_annealing,44777.0521,44757.2517,43478.3037
14,8,simulated_annealing_popstart,44784.1028,44764.3600,43133.0806
14,8,GA,44799.4634,44779.4765,43301.8670
14,9,random_valid,44206.4187,44217.0186,42881.3313
14,9,perimeter_only,44310.9635,44322.2025,42887.0026
14,9,popularity_rank,44290.0076,44301.2122,42850.4206
14,9,greedy_swap,44312.3093,44323.1767,43149.8530
14,9,oracle,44383.9787,44394.5694,43665.0002
14,9,random_search,44527.5427,44538.8139,43327.4742
14,9,simulated_annealing,44783.6851,44795.2876,43411.4496
14,9,simulated_annealing_popstart,44767.7848,44779.4590,43103.8889
14,9,GA,44736.1872,44747.9289,43490.5008
15,0,random_valid,65188.4815,65269.6365,66670.4052
15,0,perimeter_only,65164.2651,65244.5098,66798.6406
15,0,popularity_rank,65338.7058,65418.5477,67466.6003
15,0,greedy_swap,65304.1192,65385.0366,67727.9891
15,0,oracle,65491.0640,65570.1073,68975.8588
15,0,random_search,65753.4679,65831.3203,67838.6446
15,0,simulated_annealing,66093.9099,66173.6469,68332.0104
15,0,simulated_annealing_popstart,66079.1574,66158.5557,68330.5158
15,0,GA,66086.1508,66166.1193,68255.0169
15,1,random_valid,65227.2846,65269.6365,66670.4052
15,1,perimeter_only,65200.4142,65244.5098,66798.6406
15,1,popularity_rank,65374.2869,65418.5477,67466.6003
15,1,greedy_swap,65341.8223,65385.0366,67727.9891
15,1,oracle,65525.9651,65570.1073,68975.8588
15,1,random_search,65834.9224,65879.6020,67644.5390
15,1,simulated_annealing,66188.1265,66231.8738,68254.2692
15,1,simulated_annealing_popstart,66182.9819,66227.0797,68285.5458
15,1,GA,66154.4133,66199.0366,68261.0899
15,2,random_valid,65155.5775,65269.6365,66670.4052
15,2,perimeter_only,65130.3725,65244.5098,66798.6406
15,2,popularity_rank,65302.7729,65418.5477,67466.6003
15,2,greedy_swap,65269.9396,65385.0366,67727.9891
15,2,oracle,65454.8933,65570.1073,68975.8588
15,2,random_search,65776.1697,65890.5205,67776.6392
15,2,simulated_annealing,66104.4971,66218.7199,68389.9325
15,2,simulated_annealing_popstart,66087.6805,66202.6798,68231.3186
15,2,GA,66041.4673,66156.7634,68219.9572
15,3,random_valid,65257.5330,65269.6365,66670.4052
15,3,perimeter_only,65234.3630,65244.5098,66798.6406
15,3,popularity_rank,65406.4005,65418.5477,67466.6003
15,3,greedy_swap,65372.2104,65385.0366,67727.9891
15,3,oracle,65559.6746,65570.1073,68975.8588
15,3,random_search,65875.6939,65884.3854,67805.1176
15,3,simulated_annealing,66210.8136,66217.9936,68353.3432
15,3,simulated_annealing_popstart,66069.4244,66077.1370,68282.2444
15,3,GA,66117.1175,66124.8726,68324.4446
15,4,random_valid,65282.6043,65269.6365,66670.4052
15,4,perimeter_only,65258.0184,65244.5098,66798.6406
15,4,popularity_rank,65432.4825,65418.5477,67466.6003
15,4,greedy_swap,65398.9622,65385.0366,67727.9891
15,4,oracle,65584.7219,65570.1073,68975.8588
15,4,random_search,65851.1039,65837.4487,67910.3706
15,4,simulated_annealing,66223.6366,66206.8200,68442.8713
15,4,simulated_annealing_popstart,66238.9594,66222.3993,68272.3505
15,4,GA,66229.0570,66212.3759,68165.3318
15,5,random_valid,65174.5337,65269.6365,66670.4052
15,5,perimeter_only,65148.8242,65244.5098,66798.6406
15,5,popularity_rank,65325.7560,65418.5477,67466.6003
15,5,greedy_swap,65291.5992,65385.0366,67727.9891
15,5,oracle,65476.7524,65570.1073,68975.8588
15,5,random_search,65765.6791,65857.4060,67902.2902
15,5,simulated_annealing,66140.1934,66234.8690,68324.4672
15,5,simulated_annealing_popstart,66089.9919,66184.5051,68285.1006
15,5,GA,66062.5551,66157.2433,68291.9227
15,6,random_valid,65268.9399,65269.6365,66670.4052
15,6,perimeter_only,65244.1286,65244.5098,66798.6406
15,6,popularity_rank,65417.5742,65418.5477,67466.6003
15,6,greedy_swap,65384.3970,65385.0366,67727.9891
15,6,oracle,65568.7163,65570.1073,68975.8588
15,6,random_search,65898.5178,65898.6896,67785.6398
15,6,simulated_annealing,66195.9549,66198.4627,68395.6721
15,6,simulated_annealing_popstart,66180.5647,66182.3408,68301.4385
15,6,GA,66216.7936,66219.1769,68359.1954
15,7,random_valid,65299.1480,65269.6365,66670.4052
15,7,perimeter_only,65273.4454,65244.5098,66798.6406
15,7,popularity_rank,65448.1535,65418.5477,67466.6003
15,7,greedy_swap,65413.7191,65385.0366,67727.9891
15,7,oracle,65600.7075,65570.1073,68975.8588
15,7,random_search,65869.6015,65838.2572,67847.0746
15,7,simulated_annealing,66174.0642,66140.8433,68423.2220
15,7,simulated_annealing_popstart,66241.1320,66209.1525,68317.6177
15,7,GA,66193.4301,66160.6673,68290.7462
15,8,random_valid,65256.6973,65269.6365,66670.4052
15,8,perimeter_only,65230.4105,65244.5098,66798.6406
15,8,popularity_rank,65404.3133,65418.5477,67466.6003
15,8,greedy_swap,65370.2851,65385.0366,67727.9891
15,8,oracle,65558.3503,65570.1073,68975.8588
15,8,random_search,65859.4549,65869.8505,67880.8243
15,8,simulated_annealing,66198.6220,66209.6177,68332.9650
15,8,simulated_annealing_popstart,66154.6274,66165.6306,68400.6786
15,8,GA,66106.5931,66117.2514,68122.9389
15,9,random_valid,65300.7883,65269.6365,66670.4052
15,9,perimeter_only,65275.8694,65244.5098,66798.6406
15,9,popularity_rank,65449.1681,65418.5477,67466.6003
15,9,greedy_swap,65415.5127,65385.0366,67727.9891
15,9,oracle,65598.9024,65570.1073,68975.8588
15,9,random_search,65910.9963,65880.3721,67736.7829
15,9,simulated_annealing,66202.9304,66171.5361,68515.0420
15,9,simulated_annealing_popstart,66207.0739,66175.8275,68326.8060
15,9,GA,66195.4450,66163.5580,68234.0535
16,0,random_valid,64258.8752,64284.9923,69690.7669
16,0,perimeter_only,63996.9731,64020.7991,69382.6852
16,0,popularity_rank,64034.0995,64057.7008,69485.1039
16,0,greedy_swap,64435.2982,64462.4831,69991.8037
16,0,oracle,64579.1746,64606.7961,70763.2887
16,0,random_search,64713.7402,64741.3970,69664.4293
16,0,simulated_annealing,65031.4444,65057.6407,70531.9076
16,0,simulated_annealing_popstart,64898.1046,64922.8848,70262.4367
16,0,GA,64786.7131,64813.7774,70026.4785
16,1,random_valid,64269.4314,64284.9923,69690.7669
16,1,perimeter_only,64004.4651,64020.7991,69382.6852
16,1,popularity_rank,64042.1050,64057.7008,69485.1039
16,1,greedy_swap,64446.0205,64462.4831,69991.8037
16,1,oracle,64589.6199,64606.7961,70763.2887
16,1,random_search,64739.7868,64754.8364,69753.4768
16,1,simulated_annealing,64867.6704,64879.4027,70135.4095
16,1,simulated_annealing_popstart,64901.7568,64913.6345,70231.2026
16,1,GA,64850.3320,64862.5771,70160.8169
16,2,random_valid,64267.3199,64284.9923,69690.7669
16,2,perimeter_only,64005.3704,64020.7991,69382.6852
16,2,popularity_rank,64041.9202,64057.7008,69485.1039
16,2,greedy_swap,64444.6062,64462.4831,69991.8037
16,2,oracle,64589.6490,64606.7961,70763.2887
16,2,random_search,64712.5923,64727.1795,69936.5625
16,2,simulated_annealing,64856.4738,64869.2847,70179.9357
16,2,simulated_annealing_popstart,64698.7788,64713.9262,70141.7030
16,2,GA,64871.2985,64883.3162,70215.4884
16,3,random_valid,64306.5105,64284.9923,69690.7669
16,3,perimeter_only,64042.5261,64020.7991,69382.6852
16,3,popularity_rank,64079.9627,64057.7008,69485.1039
16,3,greedy_swap,64482.1655,64462.4831,69991.8037
16,3,oracle,64626.8249,64606.7961,70763.2887
16,3,random_search,64821.0338,64801.2543,70130.3032
16,3,simulated_annealing,64971.0116,64951.3230,70126.5612
16,3,simulated_annealing_popstart,65003.3218,64983.3053,69943.2105
16,3,GA,64891.5323,64872.2894,70154.2800
16,4,random_valid,64264.3008,64284.9923,69690.7669
16,4,perimeter_only,64000.5939,64020.7991,69382.6852
16,4,popularity_rank,64036.9345,64057.7008,69485.1039
16,4,greedy_swap,64441.7700,64462.4831,69991.8037
16,4,oracle,64587.6834,64606.7961,70763.2887
16,4,random_search,64694.9703,64713.1322,69557.5710
16,4,simulated_annealing,65015.3780,65036.6430,70350.2902
16,4,simulated_annealing_popstart,64695.1082,64713.2909,69909.2497
16,4,GA,64986.7610,65007.3418,70208.6206
16,5,random_valid,64278.7347,64284.9923,69690.7669
16,5,perimeter_only,64015.0878,64020.7991,69382.6852
16,5,popularity_rank,64051.3000,64057.7008,69485.1039
16,5,greedy_swap,64459.1022,64462.4831,69991.8037
16,5,oracle,64603.5608,64606.7961,70763.2887
16,5,random_search,64773.8693,64776.2845,70044.4766
16,5,simulated_annealing,64869.0203,64871.5777,70259.2197
16,5,simulated_annealing_popstart,64878.0065,64880.6298,70215.7617
16,5,GA,65022.2021,65025.6007,70275.2690
16,6,random_valid,64304.8311,64284.9923,69690.7669
16,6,perimeter_only,64039.2351,64020.7991,69382.6852
16,6,popularity_rank,64075.1503,64057.7008,69485.1039
16,6,greedy_swap,64482.2357,64462.4831,69991.8037
16,6,oracle,64626.1931,64606.7961,70763.2887
16,6,random_search,64774.1033,64754.0354,70242.8789
16,6,simulated_annealing,65088.7186,65070.2585,70405.7055
16,6,simulated_annealing_popstart,64957.0792,64938.8956,70377.6047
16,6,GA,64876.8584,64858.1542,70406.3722
16,7,random_valid,64230.4916,64284.9923,69690.7669
16,7,perimeter_only,63965.2015,64020.7991,69382.6852
16,7,popularity_rank,64003.7139,64057.7008,69485.1039
16,7,greedy_swap,64408.7020,64462.4831,69991.8037
16,7,oracle,64555.2724,64606.7961,70763.2887
16,7,random_search,64683.8608,64735.7174,70040.6458
16,7,simulated_annealing,64960.4070,65015.5574,70233.8138
16,7,simulated_annealing_popstart,64969.1753,65024.4540,70215.5305
16,7,GA,64821.7927,64874.8614,70254.3615
16,8,random_valid,64357.7287,64284.9923,69690.7669
16,8,perimeter_only,64091.8154,64020.7991,69382.6852
16,8,popularity_rank,64129.0252,64057.7008,69485.1039
16,8,greedy_swap,64533.5674,64462.4831,69991.8037
16,8,oracle,64678.9657,64606.7961,70763.2887
16,8,random_search,64864.8635,64794.2143,70082.2182
16,8,simulated_annealing,65139.7968,65069.5424,70527.0285
16,8,simulated_annealing_popstart,64768.1635,64695.4994,69972.7472
16,8,GA,64933.3988,64863.6587,70230.1769
16,9,random_valid,64248.9805,64284.9923,69690.7669
16,9,perimeter_only,63986.0466,64020.7991,69382.6852
16,9,popularity_rank,64022.6026,64057.7008,69485.1039
16,9,greedy_swap,64426.0521,64462.4831,69991.8037
16,9,oracle,64570.5900,64606.7961,70763.2887
16,9,random_search,64665.2474,64701.1648,70080.5826
16,9,simulated_annealing,64980.8400,65016.8245,70360.1103
16,9,simulated_annealing_popstart,64712.3048,64748.1046,70177.1196
16,9,GA,64979.6276,65015.6288,70234.6547
17,0,random_valid,76151.2293,76190.9730,85638.8594
17,0,perimeter_only,76459.6728,76500.5591,85065.4372
17,0,popularity_rank,76203.8026,76243.6957,84808.6779
17,0,greedy_swap,76134.3599,76174.2212,85132.0941
17,0,oracle,76955.9634,76997.2062,86264.9936
17,0,random_search,76704.9656,76745.1576,85481.1576
17,0,simulated_annealing,76983.5522,77024.6907,85036.1707
17,0,simulated_annealing_popstart,77119.5690,77162.5871,86116.5192
17,0,GA,77096.8067,77139.6294,85932.9777
17,1,random_valid,76113.2356,76190.9730,85638.8594
17,1,perimeter_only,76421.1314,76500.5591,85065.4372
17,1,popularity_rank,76166.1117,76243.6957,84808.6779
17,1,greedy_swap,76096.6840,76174.2212,85132.0941
17,1,oracle,76920.7080,76997.2062,86264.9936
17,1,random_search,76691.8550,76768.4421,85659.7204
17,1,simulated_annealing,76875.9801,76952.6560,84830.2837
17,1,simulated_annealing_popstart,77094.1409,77167.5813,85806.4590
17,1,GA,77097.7885,77171.0815,85749.4663
17,2,random_valid,76224.6555,76190.9730,85638.8594
17,2,perimeter_only,76533.8837,76500.5591,85065.4372
17,2,popularity_rank,76278.7765,76243.6957,84808.6779
17,2,greedy_swap,76208.4018,76174.2212,85132.0941
17,2,oracle,77032.6638,76997.2062,86264.9936
17,2,random_search,76740.2680,76704.9765,85598.9780
17,2,simulated_annealing,77060.7345,77025.8993,85024.5882
17,2,simulated_annealing_popstart,77170.7301,77137.0592,85859.4573
17,2,GA,77019.0048,76982.5747,84765.9470
17,3,random_valid,76135.5567,76190.9730,85638.8594
17,3,perimeter_only,76446.0507,76500.5591,85065.4372
17,3,popularity_rank,76188.4533,76243.6957,84808.6779
17,3,greedy_swap,76118.8022,76174.2212,85132.0941
17,3,oracle,76943.8563,76997.2062,86264.9936
17,3,random_search,76730.0434,76783.9629,85399.4088
17,3,simulated_annealing,76901.5008,76955.0736,85177.4903
17,3,simulated_annealing_popstart,77143.3264,77200.1375,85777.6990
17,3,GA,76894.3510,76947.4629,84875.4579
17,4,random_valid,76237.5771,76190.9730,85638.8594
17,4,perimeter_only,76545.4073,76500.5591,85065.4372
17,4,popularity_rank,76289.8347,76243.6957,84808.6779
17,4,greedy_swap,76220.2329,76174.2212,85132.0941
17,4,oracle,77046.1027,76997.2062,86264.9936
17,4,random_search,76811.0241,76763.3035,85482.0020
17,4,simulated_annealing,77057.3175,77008.1778,85113.9794
17,4,simulated_annealing_popstart,77207.2931,77157.2733,85698.7263
17,4,GA,77164.8836,77114.1084,85819.9165
17,5,random_valid,76183.4736,76190.9730,85638.8594
17,5,perimeter_only,76494.4742,76500.5591,85065.4372
17,5,popularity_rank,76237.0083,76243.6957,84808.6779
17,5,greedy_swap,76165.8283,76174.2212,85132.0941
17,5,oracle,76990.3336,76997.2062,86264.9936
17,5,random_search,76721.5296,76726.5858,85315.6393
17,5,simulated_annealing,76917.9872,76924.0998,85207.9795
17,5,simulated_annealing_popstart,77117.2220,77124.3097,85916.9626
17,5,GA,77126.9244,77133.6835,85802.8757
17,6,random_valid,76186.3807,76190.9730,85638.8594
17,6,perimeter_only,76494.5462,76500.5591,85065.4372
17,6,popularity_rank,76238.3625,76243.6957,84808.6779
17,6,greedy_swap,76169.3942,76174.2212,85132.0941
17,6,oracle,76990.0259,76997.2062,86264.9936
17,6,random_search,76686.2866,76691.5571,85356.7605
17,6,simulated_annealing,76911.3348,76917.8863,84371.9109
17,6,simulated_annealing_popstart,77174.9457,77183.3087,85715.1827
17,6,GA,77026.1742,77034.2369,85014.7569
17,7,random_valid,76259.6265,76190.9730,85638.8594
17,7,perimeter_only,76568.4962,76500.5591,85065.4372
17,7,popularity_rank,76310.7602,76243.6957,84808.6779
17,7,greedy_swap,76242.9791,76174.2212,85132.0941
17,7,oracle,77063.6825,76997.2062,86264.9936
17,7,random_search,76779.6612,76711.5356,85098.7521
17,7,simulated_annealing,77007.5870,76941.7596,84871.9540
17,7,simulated_annealing_popstart,77214.3993,77147.1370,85699.7516
17,7,GA,77212.3138,77145.1509,85871.0320
17,8,random_valid,76194.6060,76190.9730,85638.8594
17,8,perimeter_only,76505.5588,76500.5591,85065.4372
17,8,popularity_rank,76248.5575,76243.6957,84808.6779
17,8,greedy_swap,76177.9951,76174.2212,85132.0941
17,8,oracle,77003.0801,76997.2062,86264.9936
17,8,random_search,76768.5713,76762.6642,85249.9944
17,8,simulated_annealing,76904.1627,76899.6320,84960.2132
17,8,simulated_annealing_popstart,77184.9897,77179.1727,85780.0465
17,8,GA,77106.5332,77100.2595,85953.9275
17,9,random_valid,76217.1835,76190.9730,85638.8594
17,9,perimeter_only,76527.1704,76500.5591,85065.4372
17,9,popularity_rank,76269.4266,76243.6957,84808.6779
17,9,greedy_swap,76199.7597,76174.2212,85132.0941
17,9,oracle,77025.2530,76997.2062,86264.9936
17,9,random_search,76741.0212,76714.3554,85236.3861
17,9,simulated_annealing,77192.3897,77166.3798,85912.0230
17,9,simulated_annealing_popstart,77201.8634,77175.5423,85732.1539
17,9,GA,76976.2032,76948.7825,85020.6169
18,0,random_valid,44532.2271,44576.0057,50818.6020
18,0,perimeter_only,44769.7348,44813.7669,51100.9726
18,0,popularity_rank,44603.0990,44646.4766,50846.2083
18,0,greedy_swap,44552.8793,44596.5809,51097.0108
18,0,oracle,45021.0041,45064.3015,51818.9737
18,0,random_search,44912.1005,44955.7169,51071.6830
18,0,simulated_annealing,45096.2008,45138.9268,51582.9929
18,0,simulated_annealing_popstart,45133.0913,45175.2409,51412.3087
18,0,GA,45062.6589,45106.1801,51359.9096
18,1,random_valid,44543.4709,44576.0057,50818.6020
18,1,perimeter_only,44780.8878,44813.7669,51100.9726
18,1,popularity_rank,44613.6954,44646.4766,50846.2083
18,1,greedy_swap,44564.5945,44596.5809,51097.0108
18,1,oracle,45033.7919,45064.3015,51818.9737
18,1,random_search,44944.1655,44975.5118,51233.4755
18,1,simulated_annealing,45137.0569,45169.6033,51483.3911
18,1,simulated_annealing_popstart,45141.6723,45173.7689,51439.6274
18,1,GA,45094.7977,45126.9447,51591.9682
18,2,random_valid,44593.2720,44576.0057,50818.6020
18,2,perimeter_only,44830.0837,44813.7669,51100.9726
18,2,popularity_rank,44662.9998,44646.4766,50846.2083
18,2,greedy_swap,44613.5743,44596.5809,51097.0108
18,2,oracle,45079.4514,45064.3015,51818.9737
18,2,random_search,44976.0208,44960.1004,51082.3250
18,2,simulated_annealing,45168.9893,45154.5852,51484.7400
18,2,simulated_annealing_popstart,45179.5615,45165.1666,51467.6055
18,2,GA,45141.1496,45126.7528,51505.3567
18,3,random_valid,44590.0103,44576.0057,50818.6020
18,3,perimeter_only,44827.5163,44813.7669,51100.9726
18,3,popularity_rank,44660.5521,44646.4766,50846.2083
18,3,greedy_swap,44610.7434,44596.5809,51097.0108
18,3,oracle,45077.1410,45064.3015,51818.9737
18,3,random_search,44963.9141,44951.0405,51091.9507
18,3,simulated_annealing,45129.7048,45116.8606,51326.7646
18,3,simulated_annealing_popstart,45159.6276,45146.2850,51291.9582
18,3,GA,45135.1758,45122.3948,51287.2792
18,4,random_valid,44601.4113,44576.0057,50818.6020
18,4,perimeter_only,44839.1310,44813.7669,51100.9726
18,4,popularity_rank,44671.9263,44646.4766,50846.2083
18,4,greedy_swap,44621.7297,44596.5809,51097.0108
18,4,oracle,45088.8045,45064.3015,51818.9737
18,4,random_search,44968.6664,44945.0680,51125.5508
18,4,simulated_annealing,45183.4586,45158.9309,51454.0024
18,4,simulated_annealing_popstart,45156.7785,45132.2989,51186.0311
18,4,GA,45185.4776,45161.1473,51519.9800
18,5,random_valid,44558.8045,44576.0057,50818.6020
18,5,perimeter_only,44794.9797,44813.7669,51100.9726
18,5,popularity_rank,44628.8726,44646.4766,50846.2083
18,5,greedy_swap,44579.7953,44596.5809,51097.0108
18,5,oracle,45045.3470,45064.3015,51818.9737
18,5,random_search,44902.3638,44922.7780,50990.6969
18,5,simulated_annealing,45144.9176,45164.3830,51482.4079
18,5,simulated_annealing_popstart,45097.5630,45117.3954,51354.5746
18,5,GA,45081.3635,45100.8646,51393.0401
18,6,random_valid,44556.2839,44576.0057,50818.6020
18,6,perimeter_only,44792.7641,44813.7669,51100.9726
18,6,popularity_rank,44626.5391,44646.4766,50846.2083
18,6,greedy_swap,44576.7215,44596.5809,51097.0108
18,6,oracle,45043.6036,45064.3015,51818.9737
18,6,random_search,44927.5509,44948.2598,51316.1523
18,6,simulated_annealing,45037.1154,45057.6590,51187.8991
18,6,simulated_annealing_popstart,45141.1120,45161.3979,51356.6728
18,6,GA,45137.1186,45157.9263,51496.2216
18,7,random_valid,44582.3951,44576.0057,50818.6020
18,7,perimeter_only,44820.0024,44813.7669,51100.9726
18,7,popularity_rank,44652.7769,44646.4766,50846.2083
18,7,greedy_swap,44603.3126,44596.5809,51097.0108
18,7,oracle,45069.5974,45064.3015,51818.9737
18,7,random_search,44926.1549,44921.9124,51250.2182
18,7,simulated_annealing,45127.1696,45121.7718,51464.1000
18,7,simulated_annealing_popstart,45138.9649,45133.3901,51306.2309
18,7,GA,45130.4517,45124.9138,51412.3849
18,8,random_valid,44569.7990,44576.0057,50818.6020
18,8,perimeter_only,44809.1341,44813.7669,51100.9726
18,8,popularity_rank,44641.0288,44646.4766,50846.2083
18,8,greedy_swap,44589.9370,44596.5809,51097.0108
18,8,oracle,45059.9126,45064.3015,51818.9737
18,8,random_search,44978.1352,44982.0771,51196.0894
18,8,simulated_annealing,45125.7212,45130.6270,51493.4326
18,8,simulated_annealing_popstart,45129.4105,45134.3058,51361.9699
18,8,GA,45123.3250,45128.3151,51596.5184
18,9,random_valid,44600.9289,44576.0057,50818.6020
18,9,perimeter_only,44836.2225,44813.7669,51100.9726
18,9,popularity_rank,44670.9535,44646.4766,50846.2083
18,9,greedy_swap,44621.2889,44596.5809,51097.0108
18,9,oracle,45087.9335,45064.3015,51818.9737
18,9,random_search,44982.8839,44959.1922,51168.5897
18,9,simulated_annealing,45190.7590,45166.8901,51493.4200
18,9,simulated_annealing_popstart,45192.6293,45168.6849,51372.3220
18,9,GA,45128.3148,45104.9253,51595.3386
19,0,random_valid,46603.8151,46564.7136,53490.2648
19,0,perimeter_only,46573.2249,46535.1400,53464.2681
19,0,popularity_rank,46597.5788,46558.6107,53834.0160
19,0,greedy_swap,46634.5138,46595.7071,53930.1768
19,0,oracle,46579.6448,46541.2037,54521.4116
19,0,random_search,46816.3829,46776.1629,53345.1274
19,0,simulated_annealing,46999.5703,46959.5472,53887.1078
19,0,simulated_annealing_popstart,46971.0032,46931.1482,53952.3658
19,0,GA,47022.5783,46982.5989,53994.3588
19,1,random_valid,46522.6429,46564.7136,53490.2648
19,1,perimeter_only,46493.2481,46535.1400,53464.2681
19,1,popularity_rank,46516.3131,46558.6107,53834.0160
19,1,greedy_swap,46552.9523,46595.7071,53930.1768
19,1,oracle,46499.0784,46541.2037,54521.4116
19,1,random_search,46711.3638,46754.4966,53579.2519
19,1,simulated_annealing,46928.7953,46970.5028,53873.7246
19,1,simulated_annealing_popstart,46928.3522,46969.8032,53990.5618
19,1,GA,46933.8864,46975.3198,53952.5455
19,2,random_valid,46602.7428,46564.7136,53490.2648
19,2,perimeter_only,46573.5688,46535.1400,53464.2681
19,2,popularity_rank,46596.9262,46558.6107,53834.0160
19,2,greedy_swap,46633.4823,46595.7071,53930.1768
19,2,oracle,46579.4223,46541.2037,54521.4116
19,2,random_search,46789.0201,46752.2381,53956.5595
19,2,simulated_annealing,46992.2098,46954.7694,53971.2813
19,2,simulated_annealing_popstart,46987.8280,46950.3610,53832.9817
19,2,GA,47008.1066,46970.7704,53920.6928
19,3,random_valid,46579.7634,46564.7136,53490.2648
19,3,perimeter_only,46549.9847,46535.1400,53464.2681
19,3,popularity_rank,46573.6935,46558.6107,53834.0160
19,3,greedy_swap,46611.8106,46595.7071,53930.1768
19,3,oracle,46556.3952,46541.2037,54521.4116
19,3,random_search,46790.8010,46773.7018,53640.3097
19,3,simulated_annealing,46939.8170,46923.2305,53776.4911
19,3,simulated_annealing_popstart,46988.2748,46971.3174,54010.1913
19,3,GA,46980.2128,46963.5661,53874.2295
19,4,random_valid,46573.5969,46564.7136,53490.2648
19,4,perimeter_only,46544.2889,46535.1400,53464.2681
19,4,popularity_rank,46567.5783,46558.6107,53834.0160
19,4,greedy_swap,46604.5761,46595.7071,53930.1768
19,4,oracle,46550.1609,46541.2037,54521.4116
19,4,random_search,46768.6098,46760.6740,53511.2547
19,4,simulated_annealing,46984.8671,46976.7377,53992.3753
19,4,simulated_annealing_popstart,46983.1687,46975.1140,53886.3953
19,4,GA,46953.9139,46944.6004,53955.9878
19,5,random_valid,46590.8139,46564.7136,53490.2648
19,5,perimeter_only,46561.8778,46535.1400,53464.2681
19,5,popularity_rank,46584.7948,46558.6107,53834.0160
19,5,greedy_swap,46622.4347,46595.7071,53930.1768
19,5,oracle,46567.7598,46541.2037,54521.4116
19,5,random_search,46793.7663,46766.6016,53562.2143
19,5,simulated_annealing,46966.5888,46941.8219,53992.3017
19,5,simulated_annealing_popstart,46925.9269,46901.7597,53816.1152
19,5,GA,47014.9310,46989.9725,54027.4782
19,6,random_valid,46604.1760,46564.7136,53490.2648
19,6,perimeter_only,46575.0491,46535.1400,53464.2681
19,6,popularity_rank,46597.6527,46558.6107,53834.0160
19,6,greedy_swap,46634.8473,46595.7071,53930.1768
19,6,oracle,46580.7027,46541.2037,54521.4116
19,6,random_search,46794.9974,46756.2262,53581.8998
19,6,simulated_annealing,47016.3326,46978.0917,53971.7658
19,6,simulated_annealing_popstart,46971.9803,46934.6628,53844.1886
19,6,GA,46996.0337,46958.2849,53907.9777
19,7,random_valid,46563.3973,46564.7136,53490.2648
19,7,perimeter_only,46534.0610,46535.1400,53464.2681
19,7,popularity_rank,46557.3610,46558.6107,53834.0160
19,7,greedy_swap,46594.7567,46595.7071,53930.1768
19,7,oracle,46539.3602,46541.2037,54521.4116
19,7,random_search,46747.3476,46748.3083,53806.3126
19,7,simulated_annealing,46972.4397,46973.6187,53973.1165
19,7,simulated_annealing_popstart,46934.1544,46934.4824,53919.9034
19,7,GA,46959.4642,46960.3474,53894.8993
19,8,random_valid,46614.9424,46564.7136,53490.2648
19,8,perimeter_only,46585.6518,46535.1400,53464.2681
19,8,popularity_rank,46608.9220,46558.6107,53834.0160
19,8,greedy_swap,46646.2705,46595.7071,53930.1768
19,8,oracle,46591.3299,46541.2037,54521.4116
19,8,random_search,46797.6768,46747.6869,53781.6778
19,8,simulated_annealing,47068.0969,47017.9895,54006.7133
19,8,simulated_annealing_popstart,47026.7854,46977.0906,53876.2919
19,8,GA,46975.9622,46926.3167,54021.8622
19,9,random_valid,46602.2771,46564.7136,53490.2648
19,9,perimeter_only,46573.1070,46535.1400,53464.2681
19,9,popularity_rank,46595.9499,46558.6107,53834.0160
19,9,greedy_swap,46633.1653,46595.7071,53930.1768
19,9,oracle,46578.7180,46541.2037,54521.4116
19,9,random_search,46834.5842,46797.2049,53628.6300
19,9,simulated_annealing,47018.1159,46981.3555,53931.7192
19,9,simulated_annealing_popstart,46939.4869,46902.4774,53904.9996
19,9,GA,47008.9438,46972.6862,54012.3904
20,0,random_valid,87282.5181,87256.2652,86060.2399
20,0,perimeter_only,87518.8954,87491.4353,85624.3809
20,0,popularity_rank,87526.8332,87498.1130,86381.9830
20,0,greedy_swap,87540.6853,87511.9086,86452.9370
20,0,oracle,87902.0335,87874.8207,87702.8733
20,0,random_search,88082.2648,88055.6242,86967.5474
20,0,simulated_annealing,88525.1994,88501.2189,87089.9944
20,0,simulated_annealing_popstart,88384.6834,88358.8538,86887.1223
20,0,GA,88514.8112,88490.5194,86996.3201
20,1,random_valid,87290.5955,87256.2652,86060.2399
20,1,perimeter_only,87527.0270,87491.4353,85624.3809
20,1,popularity_rank,87534.4090,87498.1130,86381.9830
20,1,greedy_swap,87548.1271,87511.9086,86452.9370
20,1,oracle,87912.8356,87874.8207,87702.8733
20,1,random_search,87986.7351,87949.8001,86972.9409
20,1,simulated_annealing,88529.2271,88491.8121,87248.2284
20,1,simulated_annealing_popstart,88406.8746,88369.0248,87153.3608
20,1,GA,88505.0473,88467.3973,87257.5881
20,2,random_valid,87231.4383,87256.2652,86060.2399
20,2,perimeter_only,87468.8311,87491.4353,85624.3809
20,2,popularity_rank,87474.4372,87498.1130,86381.9830
20,2,greedy_swap,87488.4679,87511.9086,86452.9370
20,2,oracle,87849.3070,87874.8207,87702.8733
20,2,random_search,88108.8428,88132.4391,86698.9009
20,2,simulated_annealing,88479.2914,88501.1063,87056.5690
20,2,simulated_annealing_popstart,88352.8056,88376.8239,86992.5674
20,2,GA,88446.6939,88469.1324,86989.2038
20,3,random_valid,87317.0281,87256.2652,86060.2399
20,3,perimeter_only,87551.2331,87491.4353,85624.3809
20,3,popularity_rank,87556.6227,87498.1130,86381.9830
20,3,greedy_swap,87570.4440,87511.9086,86452.9370
20,3,oracle,87931.4749,87874.8207,87702.8733
20,3,random_search,88051.2618,87991.9069,85133.8293
20,3,simulated_annealing,88555.1074,88494.7288,87331.9595
20,3,simulated_annealing_popstart,88544.3127,88484.0982,87314.8544
20,3,GA,88516.3680,88456.9932,87150.6243
20,4,random_valid,87182.3801,87256.2652,86060.2399
20,4,perimeter_only,87416.5592,87491.4353,85624.3809
20,4,popularity_rank,87423.4224,87498.1130,86381.9830
20,4,greedy_swap,87437.1370,87511.9086,86452.9370
20,4,oracle,87799.3396,87874.8207,87702.8733
20,4,random_search,87824.2357,87900.3402,86898.6261
20,4,simulated_annealing,88416.3346,88491.5269,87338.8690
20,4,simulated_annealing_popstart,88305.0851,88379.8998,87038.9264
20,4,GA,88372.1156,88448.0374,87170.6908
20,5,random_valid,87133.3413,87256.2652,86060.2399
20,5,perimeter_only,87368.2865,87491.4353,85624.3809
20,5,popularity_rank,87375.6413,87498.1130,86381.9830
20,5,greedy_swap,87389.2725,87511.9086,86452.9370
20,5,oracle,87751.0744,87874.8207,87702.8733
20,5,random_search,87737.3599,87860.8743,86621.0608
20,5,simulated_annealing,88351.0740,88478.3760,87300.5166
20,5,simulated_annealing_popstart,88221.5775,88347.9443,87270.7311
20,5,GA,88355.1271,88482.8041,87135.5540
20,6,random_valid,87244.7976,87256.2652,86060.2399
20,6,perimeter_only,87479.0556,87491.4353,85624.3809
20,6,popularity_rank,87486.3683,87498.1130,86381.9830
20,6,greedy_swap,87500.2903,87511.9086,86452.9370
20,6,oracle,87863.0941,87874.8207,87702.8733
20,6,random_search,87856.2745,87868.2884,86542.4331
20,6,simulated_annealing,88478.4092,88489.9901,87165.1201
20,6,simulated_annealing_popstart,88353.0428,88366.8251,87119.7086
20,6,GA,88485.8189,88497.9526,86995.6236
20,7,random_valid,87255.1295,87256.2652,86060.2399
20,7,perimeter_only,87491.6080,87491.4353,85624.3809
20,7,popularity_rank,87498.7464,87498.1130,86381.9830
20,7,greedy_swap,87512.6326,87511.9086,86452.9370
20,7,oracle,87872.9252,87874.8207,87702.8733
20,7,random_search,87859.5808,87861.6929,86775.5490
20,7,simulated_annealing,88488.6532,88489.7743,87330.4725
20,7,simulated_annealing_popstart,88345.2093,88347.5898,87168.5289
20,7,GA,88490.3228,88491.5600,87062.1445
20,8,random_valid,87256.4817,87256.2652,86060.2399
20,8,perimeter_only,87490.5663,87491.4353,85624.3809
20,8,popularity_rank,87496.6517,87498.1130,86381.9830
20,8,greedy_swap,87510.1988,87511.9086,86452.9370
20,8,oracle,87875.3152,87874.8207,87702.8733
20,8,random_search,87891.0543,87890.1919,86589.5413
20,8,simulated_annealing,88499.8261,88498.9492,87136.1795
20,8,simulated_annealing_popstart,88387.2604,88387.2349,87192.5272
20,8,GA,88468.5565,88467.7232,87255.1058
20,9,random_valid,87205.2234,87256.2652,86060.2399
20,9,perimeter_only,87440.3615,87491.4353,85624.3809
20,9,popularity_rank,87446.3220,87498.1130,86381.9830
20,9,greedy_swap,87460.1989,87511.9086,86452.9370
20,9,oracle,87823.1414,87874.8207,87702.8733
20,9,random_search,87735.2158,87786.6679,86667.7811
20,9,simulated_annealing,88443.6009,88496.0145,87334.3042
20,9,simulated_annealing_popstart,88331.3480,88384.3867,87229.4204
20,9,GA,88435.2075,88487.7921,86999.9212
21,0,random_valid,49018.8652,49044.0807,50544.5851
21,0,perimeter_only,49222.4766,49246.9318,49475.5784
21,0,popularity_rank,49170.6437,49195.1981,50517.6680
21,0,greedy_swap,49329.4301,49353.9323,51199.2837
21,0,oracle,49689.9491,49715.1356,51957.7245
21,0,random_search,49602.9403,49628.0934,51427.0160
21,0,simulated_annealing,49796.8155,49821.7054,51556.6841
21,0,simulated_annealing_popstart,49766.9098,49791.7918,51084.5542
21,0,GA,49786.5776,49811.6346,51576.4437
21,1,random_valid,49065.2518,49044.0807,50544.5851
21,1,perimeter_only,49269.2119,49246.9318,49475.5784
21,1,popularity_rank,49217.1974,49195.1981,50517.6680
21,1,greedy_swap,49375.8707,49353.9323,51199.2837
21,1,oracle,49737.7224,49715.1356,51957.7245
21,1,random_search,49611.8695,49589.6213,51480.8077
21,1,simulated_annealing,49894.3569,49872.1290,51665.4365
21,1,simulated_annealing_popstart,49823.1374,49801.6196,51022.3775
21,1,GA,49855.7797,49833.5857,51542.3085
21,2,random_valid,49087.2825,49044.0807,50544.5851
21,2,perimeter_only,49289.0267,49246.9318,49475.5784
21,2,popularity_rank,49237.9160,49195.1981,50517.6680
21,2,greedy_swap,49398.0046,49353.9323,51199.2837
21,2,oracle,49761.6506,49715.1356,51957.7245
21,2,random_search,49647.2065,49602.3410,51460.9991
21,2,simulated_annealing,49839.8384,49793.6340,51715.7788
21,2,simulated_annealing_popstart,49781.7896,49735.2458,51157.7332
21,2,GA,49845.4341,49799.3196,51615.2098
21,3,random_valid,49019.7314,49044.0807,50544.5851
21,3,perimeter_only,49221.8370,49246.9318,49475.5784
21,3,popularity_rank,49169.9558,49195.1981,50517.6680
21,3,greedy_swap,49328.9594,49353.9323,51199.2837
21,3,oracle,49690.4266,49715.1356,51957.7245
21,3,random_search,49549.3646,49575.8152,51437.1386
21,3,simulated_annealing,49736.3109,49760.6218,51662.7752
21,3,simulated_annealing_popstart,49853.0169,49878.2340,51639.6158
21,3,GA,49798.0379,49822.3040,51556.6957
21,4,random_valid,49091.7210,49044.0807,50544.5851
21,4,perimeter_only,49294.9085,49246.9318,49475.5784
21,4,popularity_rank,49243.7252,49195.1981,50517.6680
21,4,greedy_swap,49401.9477,49353.9323,51199.2837
21,4,oracle,49764.1205,49715.1356,51957.7245
21,4,random_search,49674.5344,49626.2632,51445.4176
21,4,simulated_annealing,49932.4854,49883.6837,51631.0699
21,4,simulated_annealing_popstart,49839.0851,49790.0997,51187.2851
21,4,GA,49870.8835,49821.6067,51572.4002
21,5,random_valid,49068.2000,49044.0807,50544.5851
21,5,perimeter_only,49270.2122,49246.9318,49475.5784
21,5,popularity_rank,49217.9336,49195.1981,50517.6680
21,5,greedy_swap,49377.5418,49353.9323,51199.2837
21,5,oracle,49737.6209,49715.1356,51957.7245
21,5,random_search,49582.3483,49559.7546,51474.6033
21,5,simulated_annealing,49859.6442,49836.8940,51635.1462
21,5,simulated_annealing_popstart,49810.7231,49788.1609,51116.6883
21,5,GA,49818.4783,49795.8476,51652.8737
21,6,random_valid,49043.1586,49044.0807,50544.5851
21,6,perimeter_only,49245.2416,49246.9318,49475.5784
21,6,popularity_rank,49194.3267,49195.1981,50517.6680
21,6,greedy_swap,49353.2598,49353.9323,51199.2837
21,6,oracle,49712.3988,49715.1356,51957.7245
21,6,random_search,49562.3920,49563.9260,51436.2583
21,6,simulated_annealing,49741.3441,49744.1093,51671.4797
21,6,simulated_annealing_popstart,49732.4917,49735.3708,51224.6935
21,6,GA,49828.5353,49830.9570,51596.9845
21,7,random_valid,49001.8706,49044.0807,50544.5851
21,7,perimeter_only,49205.9169,49246.9318,49475.5784
21,7,popularity_rank,49153.9410,49195.1981,50517.6680
21,7,greedy_swap,49314.3406,49353.9323,51199.2837
21,7,oracle,49673.6945,49715.1356,51957.7245
21,7,random_search,49574.6316,49615.1153,51476.8543
21,7,simulated_annealing,49768.4104,49809.4518,51619.2371
21,7,simulated_annealing_popstart,49752.9011,49794.0675,51645.1584
21,7,GA,49764.0541,49804.8581,51599.5034
21,8,random_valid,49072.5668,49044.0807,50544.5851
21,8,perimeter_only,49275.6445,49246.9318,49475.5784
21,8,popularity_rank,49223.8474,49195.1981,50517.6680
21,8,greedy_swap,49382.4983,49353.9323,51199.2837
21,8,oracle,49744.3340,49715.1356,51957.7245
21,8,random_search,49614.3787,49585.7121,51458.9900
21,8,simulated_annealing,49882.9399,49853.6852,51699.7666
21,8,simulated_annealing_popstart,49789.3160,49760.2796,51181.6566
21,8,GA,49819.6756,49790.2900,51654.5813
21,9,random_valid,49062.9445,49044.0807,50544.5851
21,9,perimeter_only,49265.3345,49246.9318,49475.5784
21,9,popularity_rank,49213.5512,49195.1981,50517.6680
21,9,greedy_swap,49372.4105,49353.9323,51199.2837
21,9,oracle,49733.5859,49715.1356,51957.7245
21,9,random_search,49572.4149,49553.3447,51402.0682
21,9,simulated_annealing,49827.8116,49809.0500,51701.9009
21,9,simulated_annealing_popstart,49823.6170,49804.8403,51057.4659
21,9,GA,49852.8308,49833.5080,51567.3452
22,0,random_valid,72600.4958,72511.4392,69444.0391
22,0,perimeter_only,72456.0451,72366.7473,69437.0059
22,0,popularity_rank,72754.2006,72664.8756,71396.5583
22,0,greedy_swap,72754.2006,72664.8756,71396.5583
22,0,oracle,73189.4253,73103.1237,72206.5918
22,0,random_search,73156.8732,73070.1334,71665.3713
22,0,simulated_annealing,73397.1412,73310.8426,72054.6823
22,0,simulated_annealing_popstart,73473.0835,73385.8766,72082.9065
22,0,GA,73526.0517,73438.1607,72011.1654
22,1,random_valid,72498.9734,72511.4392,69444.0391
22,1,perimeter_only,72354.8974,72366.7473,69437.0059
22,1,popularity_rank,72654.3710,72664.8756,71396.5583
22,1,greedy_swap,72654.3710,72664.8756,71396.5583
22,1,oracle,73089.3015,73103.1237,72206.5918
22,1,random_search,73043.0653,73056.3405,71659.0112
22,1,simulated_annealing,73439.7932,73451.1874,72130.1254
22,1,simulated_annealing_popstart,73208.7381,73222.9503,72060.5273
22,1,GA,73387.0612,73398.9289,71755.4567
22,2,random_valid,72446.7965,72511.4392,69444.0391
22,2,perimeter_only,72297.6262,72366.7473,69437.0059
22,2,popularity_rank,72600.2822,72664.8756,71396.5583
22,2,greedy_swap,72600.2822,72664.8756,71396.5583
22,2,oracle,73034.4748,73103.1237,72206.5918
22,2,random_search,73029.4790,73098.5230,71589.0629
22,2,simulated_annealing,73299.0520,73369.5090,71938.2056
22,2,simulated_annealing_popstart,73228.4299,73297.4266,72012.2569
22,2,GA,73394.5791,73465.2450,71976.6541
22,3,random_valid,72544.0015,72511.4392,69444.0391
22,3,perimeter_only,72401.0178,72366.7473,69437.0059
22,3,popularity_rank,72697.3681,72664.8756,71396.5583
22,3,greedy_swap,72697.3681,72664.8756,71396.5583
22,3,oracle,73140.7780,73103.1237,72206.5918
22,3,random_search,72979.3380,72942.8933,71587.6294
22,3,simulated_annealing,73443.9952,73405.5832,71937.1220
22,3,simulated_annealing_popstart,73423.9950,73386.5793,72118.9851
22,3,GA,73465.5208,73427.3957,71899.8137
22,4,random_valid,72512.8326,72511.4392,69444.0391
22,4,perimeter_only,72368.4557,72366.7473,69437.0059
22,4,popularity_rank,72664.6170,72664.8756,71396.5583
22,4,greedy_swap,72664.6170,72664.8756,71396.5583
22,4,oracle,73102.4859,73103.1237,72206.5918
22,4,random_search,73030.0770,73031.9150,71744.6764
22,4,simulated_annealing,73428.7712,73428.8254,71985.5734
22,4,simulated_annealing_popstart,73352.8617,73352.4441,72096.1723
22,4,GA,73407.2145,73407.4868,71939.8665
22,5,random_valid,72567.6351,72511.4392,69444.0391
22,5,perimeter_only,72423.1114,72366.7473,69437.0059
22,5,popularity_rank,72721.6110,72664.8756,71396.5583
22,5,greedy_swap,72721.6110,72664.8756,71396.5583
22,5,oracle,73160.0815,73103.1237,72206.5918
22,5,random_search,73064.3693,73007.0768,71669.5600
22,5,simulated_annealing,73517.8479,73462.2027,71979.6896
22,5,simulated_annealing_popstart,73359.3413,73301.3812,72001.1890
22,5,GA,73476.1166,73419.3426,71958.2993
22,6,random_valid,72539.7247,72511.4392,69444.0391
22,6,perimeter_only,72391.7489,72366.7473,69437.0059
22,6,popularity_rank,72693.7516,72664.8756,71396.5583
22,6,greedy_swap,72693.7516,72664.8756,71396.5583
22,6,oracle,73129.8335,73103.1237,72206.5918
22,6,random_search,73003.1749,72974.3144,71618.5270
22,6,simulated_annealing,73394.5454,73367.9791,72037.2705
22,6,simulated_annealing_popstart,73299.5861,73273.9276,72125.6228
22,6,GA,73434.8648,73408.4538,72008.8846
22,7,random_valid,72587.9797,72511.4392,69444.0391
22,7,perimeter_only,72445.1649,72366.7473,69437.0059
22,7,popularity_rank,72742.3619,72664.8756,71396.5583
22,7,greedy_swap,72742.3619,72664.8756,71396.5583
22,7,oracle,73182.1920,73103.1237,72206.5918
22,7,random_search,73057.2139,72979.3973,71616.7711
22,7,simulated_annealing,73471.8427,73391.3991,71904.7364
22,7,simulated_annealing_popstart,73404.3370,73323.4233,72180.6915
22,7,GA,73530.8808,73450.4636,71977.0560
22,8,random_valid,72554.9702,72511.4392,69444.0391
22,8,perimeter_only,72409.3365,72366.7473,69437.0059
22,8,popularity_rank,72709.9653,72664.8756,71396.5583
22,8,greedy_swap,72709.9653,72664.8756,71396.5583
22,8,oracle,73145.7148,73103.1237,72206.5918
22,8,random_search,73009.6460,72965.0370,71706.5721
22,8,simulated_annealing,73479.7220,73437.8948,72021.5610
22,8,simulated_annealing_popstart,73437.4950,73395.5683,72072.9994
22,8,GA,73446.8360,73405.6137,71899.1154
22,9,random_valid,72466.2751,72511.4392,69444.0391
22,9,perimeter_only,72320.6808,72366.7473,69437.0059
22,9,popularity_rank,72620.7896,72664.8756,71396.5583
22,9,greedy_swap,72620.7896,72664.8756,71396.5583
22,9,oracle,73057.3201,73103.1237,72206.5918
22,9,random_search,72907.1327,72952.8182,70742.0912
22,9,simulated_annealing,73425.9528,73469.0882,72027.6399
22,9,simulated_annealing_popstart,73230.5401,73274.5801,72062.3826
22,9,GA,73383.7711,73426.8847,72020.0276
23,0,random_valid,63306.1968,63371.3231,62906.1488
23,0,perimeter_only,63732.5777,63796.3876,63042.7171
23,0,popularity_rank,63630.1276,63693.5408,62866.9307
23,0,greedy_swap,63643.6726,63707.1729,62869.3007
23,0,oracle,64314.6773,64378.9140,63838.9021
23,0,random_search,64246.6357,64310.9293,63121.5422
23,0,simulated_annealing,64523.5030,64588.3272,63385.0337
23,0,simulated_annealing_popstart,64457.0928,64521.2975,63334.4454
23,0,GA,64560.6503,64625.2568,63417.3770
23,1,random_valid,63414.8774,63371.3231,62906.1488
23,1,perimeter_only,63837.7455,63796.3876,63042.7171
23,1,popularity_rank,63735.1094,63693.5408,62866.9307
23,1,greedy_swap,63749.0651,63707.1729,62869.3007
23,1,oracle,64421.0150,64378.9140,63838.9021
23,1,random_search,64294.6004,64254.6761,63327.4288
23,1,simulated_annealing,64606.0909,64564.9120,62967.4122
23,1,simulated_annealing_popstart,64559.1095,64517.9190,63499.3130
23,1,GA,64669.6189,64627.9637,63147.7388
23,2,random_valid,63327.3067,63371.3231,62906.1488
23,2,perimeter_only,63754.2645,63796.3876,63042.7171
23,2,popularity_rank,63650.1205,63693.5408,62866.9307
23,2,greedy_swap,63663.4376,63707.1729,62869.3007
23,2,oracle,64335.3615,64378.9140,63838.9021
23,2,random_search,64249.5405,64293.5925,63398.4517
23,2,simulated_annealing,64325.6432,64368.9936,62900.1417
23,2,simulated_annealing_popstart,64458.8740,64501.0939,63354.5636
23,2,GA,64302.2900,64346.0636,63212.6648
23,3,random_valid,63353.3641,63371.3231,62906.1488
23,3,perimeter_only,63777.9461,63796.3876,63042.7171
23,3,popularity_rank,63675.3708,63693.5408,62866.9307
23,3,greedy_swap,63689.2966,63707.1729,62869.3007
23,3,oracle,64362.1470,64378.9140,63838.9021
23,3,random_search,64251.2386,64267.7655,63246.1437
23,3,simulated_annealing,64553.6759,64571.2019,62955.0754
23,3,simulated_annealing_popstart,64502.3333,64520.0937,63475.5667
23,3,GA,64551.5429,64569.0440,63412.3117
23,4,random_valid,63278.2561,63371.3231,62906.1488
23,4,perimeter_only,63701.9852,63796.3876,63042.7171
23,4,popularity_rank,63599.2082,63693.5408,62866.9307
23,4,greedy_swap,63612.4602,63707.1729,62869.3007
23,4,oracle,64283.3251,64378.9140,63838.9021
23,4,random_search,64171.3034,64267.2544,63128.1273
23,4,simulated_annealing,64514.7235,64608.4825,62975.8677
23,4,simulated_annealing_popstart,64392.9130,64487.2686,63025.3483
23,4,GA,64474.2776,64567.9500,63193.9097
23,5,random_valid,63396.5381,63371.3231,62906.1488
23,5,perimeter_only,63823.1401,63796.3876,63042.7171
23,5,popularity_rank,63719.7135,63693.5408,62866.9307
23,5,greedy_swap,63733.3918,63707.1729,62869.3007
23,5,oracle,64401.7683,64378.9140,63838.9021
23,5,random_search,64252.6639,64229.5266,63046.7657
23,5,simulated_annealing,64469.2355,64444.7821,63245.2647
23,5,simulated_annealing_popstart,64495.9696,64471.6271,63328.6689
23,5,GA,64489.3408,64465.5140,63294.5001
23,6,random_valid,63354.2520,63371.3231,62906.1488
23,6,perimeter_only,63779.8163,63796.3876,63042.7171
23,6,popularity_rank,63675.9789,63693.5408,62866.9307
23,6,greedy_swap,63689.5678,63707.1729,62869.3007
23,6,oracle,64359.7976,64378.9140,63838.9021
23,6,random_search,64315.3058,64334.1556,63085.3496
23,6,simulated_annealing,64546.3321,64564.4822,63003.5937
23,6,simulated_annealing_popstart,64453.8530,64472.6406,63092.9715
23,6,GA,64527.0284,64545.0155,62994.9434
23,7,random_valid,63350.1569,63371.3231,62906.1488
23,7,perimeter_only,63780.8547,63796.3876,63042.7171
23,7,popularity_rank,63677.9571,63693.5408,62866.9307
23,7,greedy_swap,63691.2491,63707.1729,62869.3007
23,7,oracle,64360.3167,64378.9140,63838.9021
23,7,random_search,64171.9081,64189.0863,63164.8071
23,7,simulated_annealing,64507.5074,64527.0238,62923.7979
23,7,simulated_annealing_popstart,64482.9524,64502.3591,63302.6691
23,7,GA,64636.5660,64655.8777,63464.7878
23,8,random_valid,63439.1999,63371.3231,62906.1488
23,8,perimeter_only,63865.4499,63796.3876,63042.7171
23,8,popularity_rank,63761.7125,63693.5408,62866.9307
23,8,greedy_swap,63775.1259,63707.1729,62869.3007
23,8,oracle,64447.0525,64378.9140,63838.9021
23,8,random_search,64352.9348,64284.4171,63425.8877
23,8,simulated_annealing,64554.8741,64487.7767,62851.5691
23,8,simulated_annealing_popstart,64482.9002,64414.9300,63084.6626
23,8,GA,64683.7037,64615.6104,63014.5208
23,9,random_valid,63324.3199,63371.3231,62906.1488
23,9,perimeter_only,63746.1167,63796.3876,63042.7171
23,9,popularity_rank,63644.2490,63693.5408,62866.9307
23,9,greedy_swap,63657.9191,63707.1729,62869.3007
23,9,oracle,64331.5041,64378.9140,63838.9021
23,9,random_search,64218.0872,64264.7343,63225.0102
23,9,simulated_annealing,64601.4285,64650.4939,63230.5870
23,9,simulated_annealing_popstart,64454.8219,64501.8870,63367.0212
23,9,GA,64291.6714,64339.3892,62899.2601
24,0,random_valid,72008.3008,71985.4374,87313.5405
24,0,perimeter_only,71770.1822,71743.4162,87276.8706
24,0,popularity_rank,71961.5097,71938.7387,88274.0037
24,0,greedy_swap,72211.3939,72189.1191,88526.4553
24,0,oracle,72365.9545,72343.6637,89811.7016
24,0,random_search,72387.3816,72365.0999,88277.4207
24,0,simulated_annealing,72570.4658,72547.2622,87733.0920
24,0,simulated_annealing_popstart,72754.7581,72729.9637,89301.6168
24,0,GA,72601.7340,72578.8212,88878.4430
24,1,random_valid,71904.8089,71985.4374,87313.5405
24,1,perimeter_only,71662.7436,71743.4162,87276.8706
24,1,popularity_rank,71858.4183,71938.7387,88274.0037
24,1,greedy_swap,72106.3503,72189.1191,88526.4553
24,1,oracle,72261.5136,72343.6637,89811.7016
24,1,random_search,72456.2734,72538.8162,88492.0318
24,1,simulated_annealing,72465.9379,72548.5709,87734.8699
24,1,simulated_annealing_popstart,72510.6251,72593.9990,89183.1280
24,1,GA,72482.3872,72565.6314,88868.8406
24,2,random_valid,72045.5741,71985.4374,87313.5405
24,2,perimeter_only,71801.5631,71743.4162,87276.8706
24,2,popularity_rank,71998.2839,71938.7387,88274.0037
24,2,greedy_swap,72249.5262,72189.1191,88526.4553
24,2,oracle,72404.0755,72343.6637,89811.7016
24,2,random_search,72503.4848,72443.0777,89087.2997
24,2,simulated_annealing,72642.3356,72580.4233,87666.2795
24,2,simulated_annealing_popstart,72553.5055,72491.6497,89161.0604
24,2,GA,72678.6620,72616.8385,88360.7841
24,3,random_valid,71979.4859,71985.4374,87313.5405
24,3,perimeter_only,71737.6318,71743.4162,87276.8706
24,3,popularity_rank,71932.7081,71938.7387,88274.0037
24,3,greedy_swap,72180.0673,72189.1191,88526.4553
24,3,oracle,72334.8074,72343.6637,89811.7016
24,3,random_search,72411.8647,72420.1900,89304.3484
24,3,simulated_annealing,72610.7443,72620.2095,88229.7610
24,3,simulated_annealing_popstart,72757.0514,72764.5635,89456.7491
24,3,GA,72426.9744,72435.5089,88379.2176
24,4,random_valid,72021.4376,71985.4374,87313.5405
24,4,perimeter_only,71779.3370,71743.4162,87276.8706
24,4,popularity_rank,71975.1993,71938.7387,88274.0037
24,4,greedy_swap,72224.1569,72189.1191,88526.4553
24,4,oracle,72378.6203,72343.6637,89811.7016
24,4,random_search,72480.1431,72443.7826,88653.3473
24,4,simulated_annealing,72660.1823,72623.7955,88600.8704
24,4,simulated_annealing_popstart,72815.5967,72779.2247,89334.9190
24,4,GA,72570.0085,72533.3763,88857.7249
24,5,random_valid,71941.3560,71985.4374,87313.5405
24,5,perimeter_only,71699.9285,71743.4162,87276.8706
24,5,popularity_rank,71893.5730,71938.7387,88274.0037
24,5,greedy_swap,72143.2794,72189.1191,88526.4553
24,5,oracle,72296.2405,72343.6637,89811.7016
24,5,random_search,72387.1404,72435.1774,88426.9772
24,5,simulated_annealing,72708.8336,72755.6592,89023.9804
24,5,simulated_annealing_popstart,72310.9562,72358.3147,88366.8041
24,5,GA,72549.1890,72595.4689,88310.8528
24,6,random_valid,71897.5526,71985.4374,87313.5405
24,6,perimeter_only,71652.8452,71743.4162,87276.8706
24,6,popularity_rank,71850.8329,71938.7387,88274.0037
24,6,greedy_swap,72101.5511,72189.1191,88526.4553
24,6,oracle,72256.8761,72343.6637,89811.7016
24,6,random_search,72353.7064,72439.3459,88405.0731
24,6,simulated_annealing,72529.6242,72617.1748,88551.6493
24,6,simulated_annealing_popstart,72648.3471,72735.7360,89417.6989
24,6,GA,72319.2388,72405.7681,87579.9939
24,7,random_valid,72007.2010,71985.4374,87313.5405
24,7,perimeter_only,71765.0350,71743.4162,87276.8706
24,7,popularity_rank,71960.9239,71938.7387,88274.0037
24,7,greedy_swap,72210.1221,72189.1191,88526.4553
24,7,oracle,72363.4929,72343.6637,89811.7016
24,7,random_search,72455.3937,72434.4699,88386.1795
24,7,simulated_annealing,72758.4376,72738.4669,89317.9314
24,7,simulated_annealing_popstart,72683.4980,72663.3522,89324.3630
24,7,GA,72617.2234,72597.6136,89122.6338
24,8,random_valid,71913.4084,71985.4374,87313.5405
24,8,perimeter_only,71669.7331,71743.4162,87276.8706
24,8,popularity_rank,71866.3990,71938.7387,88274.0037
24,8,greedy_swap,72118.7228,72189.1191,88526.4553
24,8,oracle,72273.1520,72343.6637,89811.7016
24,8,random_search,72467.1854,72537.3411,89131.1928
24,8,simulated_annealing,72587.7876,72659.6882,88784.5999
24,8,simulated_annealing_popstart,72711.4283,72783.4334,89308.8197
24,8,GA,72371.4485,72441.3986,89007.6924
24,9,random_valid,71979.4313,71985.4374,87313.5405
24,9,perimeter_only,71735.0620,71743.4162,87276.8706
24,9,popularity_rank,71932.0955,71938.7387,88274.0037
24,9,greedy_swap,72183.8750,72189.1191,88526.4553
24,9,oracle,72339.4220,72343.6637,89811.7016
24,9,random_search,72368.2322,72372.4781,88815.8842
24,9,simulated_annealing,72458.9706,72462.0877,88472.3465
24,9,simulated_annealing_popstart,72788.0738,72791.6048,89412.7755
24,9,GA,72625.7064,72628.4974,88400.8123
25,0,random_valid,82837.5069,82884.1833,96047.9469
25,0,perimeter_only,82727.6526,82774.4241,94468.1162
25,0,popularity_rank,82769.1395,82815.9260,95329.6266
25,0,greedy_swap,82859.5580,82905.9726,95799.7065
25,0,oracle,83284.4730,83329.3373,97140.7607
25,0,random_search,83347.2380,83391.1204,96203.0857
25,0,simulated_annealing,83811.1029,83856.8826,96994.5384
25,0,simulated_annealing_popstart,83827.7594,83873.9777,96860.7857
25,0,GA,83825.3904,83871.9003,96857.4712
25,1,random_valid,82898.5903,82884.1833,96047.9469
25,1,perimeter_only,82787.2304,82774.4241,94468.1162
25,1,popularity_rank,82829.4342,82815.9260,95329.6266
25,1,greedy_swap,82920.0190,82905.9726,95799.7065
25,1,oracle,83345.9203,83329.3373,97140.7607
25,1,random_search,83341.6223,83324.3975,96127.9026
25,1,simulated_annealing,83923.5672,83908.2853,96990.9490
25,1,simulated_annealing_popstart,83877.2506,83860.7866,96695.6123
25,1,GA,83911.1270,83895.8751,96966.5061
25,2,random_valid,82884.8317,82884.1833,96047.9469
25,2,perimeter_only,82776.0906,82774.4241,94468.1162
25,2,popularity_rank,82817.4057,82815.9260,95329.6266
25,2,greedy_swap,82906.8426,82905.9726,95799.7065
25,2,oracle,83330.6638,83329.3373,97140.7607
25,2,random_search,83390.4788,83387.6984,95775.1723
25,2,simulated_annealing,83873.8182,83874.4266,96769.5956
25,2,simulated_annealing_popstart,83824.4846,83824.7764,96604.2959
25,2,GA,83891.7812,83891.9306,96834.0223
25,3,random_valid,82871.3527,82884.1833,96047.9469
25,3,perimeter_only,82763.8785,82774.4241,94468.1162
25,3,popularity_rank,82803.5501,82815.9260,95329.6266
25,3,greedy_swap,82892.6258,82905.9726,95799.7065
25,3,oracle,83314.0946,83329.3373,97140.7607
25,3,random_search,83394.6056,83408.7523,96384.2086
25,3,simulated_annealing,83893.7653,83906.5390,96992.2287
25,3,simulated_annealing_popstart,83819.1557,83832.1950,96836.9925
25,3,GA,83833.7901,83846.5339,96596.7055
25,4,random_valid,82904.1471,82884.1833,96047.9469
25,4,perimeter_only,82793.1519,82774.4241,94468.1162
25,4,popularity_rank,82835.2915,82815.9260,95329.6266
25,4,greedy_swap,82926.4144,82905.9726,95799.7065
25,4,oracle,83350.8585,83329.3373,97140.7607
25,4,random_search,83462.2032,83440.9456,96193.3321
25,4,simulated_annealing,83902.2591,83882.4066,96851.6273
25,4,simulated_annealing_popstart,83880.1282,83860.9125,96900.3387
25,4,GA,83856.9592,83837.1382,96493.3664
25,5,random_valid,82858.3936,82884.1833,96047.9469
25,5,perimeter_only,82748.8409,82774.4241,94468.1162
25,5,popularity_rank,82789.4628,82815.9260,95329.6266
25,5,greedy_swap,82880.2705,82905.9726,95799.7065
25,5,oracle,83304.8040,83329.3373,97140.7607
25,5,random_search,83257.7111,83282.1061,95888.4096
25,5,simulated_annealing,83880.3951,83906.4755,96973.3476
25,5,simulated_annealing_popstart,83723.2174,83750.9027,96031.9038
25,5,GA,83817.3903,83844.7646,96552.8555
25,6,random_valid,82902.7605,82884.1833,96047.9469
25,6,perimeter_only,82791.8843,82774.4241,94468.1162
25,6,popularity_rank,82832.2656,82815.9260,95329.6266
25,6,greedy_swap,82925.2517,82905.9726,95799.7065
25,6,oracle,83346.9985,83329.3373,97140.7607
25,6,random_search,83293.1629,83275.8274,96380.8289
25,6,simulated_annealing,83900.0044,83881.8869,96933.7736
25,6,simulated_annealing_popstart,83740.9598,83723.7305,96037.9408
25,6,GA,83888.4287,83870.5509,96732.1579
25,7,random_valid,82877.3835,82884.1833,96047.9469
25,7,perimeter_only,82769.1600,82774.4241,94468.1162
25,7,popularity_rank,82809.6176,82815.9260,95329.6266
25,7,greedy_swap,82899.4998,82905.9726,95799.7065
25,7,oracle,83323.4660,83329.3373,97140.7607
25,7,random_search,83332.8721,83338.8447,96212.3796
25,7,simulated_annealing,83894.2084,83900.8871,96937.2375
25,7,simulated_annealing_popstart,83818.4946,83825.7325,96643.8950
25,7,GA,83845.0741,83852.3066,96792.1950
25,8,random_valid,82890.6545,82884.1833,96047.9469
25,8,perimeter_only,82781.4973,82774.4241,94468.1162
25,8,popularity_rank,82822.4560,82815.9260,95329.6266
25,8,greedy_swap,82911.6687,82905.9726,95799.7065
25,8,oracle,83333.6985,83329.3373,97140.7607
25,8,random_search,83281.3865,83276.4818,95746.2498
25,8,simulated_annealing,83887.6161,83882.4201,96936.3798
25,8,simulated_annealing_popstart,83781.4263,83776.6450,96519.9983
25,8,GA,83869.8527,83864.9519,96741.1454
25,9,random_valid,82840.9942,82884.1833,96047.9469
25,9,perimeter_only,82730.5941,82774.4241,94468.1162
25,9,popularity_rank,82772.2763,82815.9260,95329.6266
25,9,greedy_swap,82863.7645,82905.9726,95799.7065
25,9,oracle,83285.2634,83329.3373,97140.7607
25,9,random_search,83317.7480,83362.0578,95844.7470
25,9,simulated_annealing,83836.2818,83875.9861,96948.6342
25,9,simulated_annealing_popstart,83799.2571,83839.5951,96670.4005
25,9,GA,83830.3538,83870.2028,96829.9789
26,0,random_valid,62259.2111,62279.0595,63749.4738
26,0,perimeter_only,62276.3771,62296.1662,63689.1182
26,0,popularity_rank,61922.6780,61944.4935,63512.8040
26,0,greedy_swap,62027.5587,62049.5353,63764.2947
26,0,oracle,62093.2482,62115.3308,64665.4537
26,0,random_search,62447.2161,62467.5492,63665.8894
26,0,simulated_annealing,62567.1868,62588.1892,63876.0804
26,0,simulated_annealing_popstart,62586.1031,62607.1926,64191.1188
26,0,GA,62590.0772,62611.1478,63833.6600
26,1,random_valid,62245.7057,62279.0595,63749.4738
26,1,perimeter_only,62263.0215,62296.1662,63689.1182
26,1,popularity_rank,61910.9527,61944.4935,63512.8040
26,1,greedy_swap,62016.0438,62049.5353,63764.2947
26,1,oracle,62083.3075,62115.3308,64665.4537
26,1,random_search,62465.1412,62496.8005,63760.6019
26,1,simulated_annealing,62648.8272,62680.4178,63710.0795
26,1,simulated_annealing_popstart,62670.9417,62702.3915,63991.2046
26,1,GA,62578.6184,62609.7211,63742.9305
26,2,random_valid,62189.7254,62279.0595,63749.4738
26,2,perimeter_only,62206.7510,62296.1662,63689.1182
26,2,popularity_rank,61854.4362,61944.4935,63512.8040
26,2,greedy_swap,61960.4666,62049.5353,63764.2947
26,2,oracle,62025.5550,62115.3308,64665.4537
26,2,random_search,62348.8692,62436.6240,63590.3812
26,2,simulated_annealing,62646.6798,62736.0212,63665.1352
26,2,simulated_annealing_popstart,62543.1954,62632.2805,64133.8168
26,2,GA,62534.2375,62623.2264,63763.6109
26,3,random_valid,62309.8906,62279.0595,63749.4738
26,3,perimeter_only,62327.1206,62296.1662,63689.1182
26,3,popularity_rank,61976.0951,61944.4935,63512.8040
26,3,greedy_swap,62079.0367,62049.5353,63764.2947
26,3,oracle,62144.9058,62115.3308,64665.4537
26,3,random_search,62506.5284,62476.0116,63719.9001
26,3,simulated_annealing,62661.1478,62631.6563,63754.9603
26,3,simulated_annealing_popstart,62642.6573,62612.7946,64225.8105
26,3,GA,62628.2991,62597.7394,63835.9564
26,4,random_valid,62331.4497,62279.0595,63749.4738
26,4,perimeter_only,62348.8058,62296.1662,63689.1182
26,4,popularity_rank,61997.3925,61944.4935,63512.8040
26,4,greedy_swap,62102.5026,62049.5353,63764.2947
26,4,oracle,62167.9209,62115.3308,64665.4537
26,4,random_search,62497.4765,62445.3302,63649.4502
26,4,simulated_annealing,62672.8759,62620.0821,63697.6225
26,4,simulated_annealing_popstart,62758.9949,62705.2997,64126.9501
26,4,GA,62675.5456,62622.7345,64005.2833
26,5,random_valid,62260.4682,62279.0595,63749.4738
26,5,perimeter_only,62277.1630,62296.1662,63689.1182
26,5,popularity_rank,61925.5551,61944.4935,63512.8040
26,5,greedy_swap,62031.2814,62049.5353,63764.2947
26,5,oracle,62097.3676,62115.3308,64665.4537
26,5,random_search,62385.9099,62405.5455,63674.7788
26,5,simulated_annealing,62608.6357,62629.6417,63768.4295
26,5,simulated_annealing_popstart,62597.7623,62619.1250,63993.1172
26,5,GA,62543.1888,62564.7191,63786.9310
26,6,random_valid,62212.6795,62279.0595,63749.4738
26,6,perimeter_only,62229.8291,62296.1662,63689.1182
26,6,popularity_rank,61878.1424,61944.4935,63512.8040
26,6,greedy_swap,61983.9862,62049.5353,63764.2947
26,6,oracle,62049.2104,62115.3308,64665.4537
26,6,random_search,62407.7977,62474.3700,63620.4392
26,6,simulated_annealing,62591.3992,62659.8173,63858.6973
26,6,simulated_annealing_popstart,62566.7208,62634.7736,63851.1851
26,6,GA,62575.5842,62643.6826,63788.0674
26,7,random_valid,62296.0817,62279.0595,63749.4738
26,7,perimeter_only,62313.3463,62296.1662,63689.1182
26,7,popularity_rank,61960.0554,61944.4935,63512.8040
26,7,greedy_swap,62065.8584,62049.5353,63764.2947
26,7,oracle,62131.8883,62115.3308,64665.4537
26,7,random_search,62478.6974,62463.0776,63749.0674
26,7,simulated_annealing,62661.2070,62645.5376,63765.1117
26,7,simulated_annealing_popstart,62712.3264,62696.2499,64118.5193
26,7,GA,62810.9895,62796.5108,63948.7220
26,8,random_valid,62278.9600,62279.0595,63749.4738
26,8,perimeter_only,62295.7937,62296.1662,63689.1182
26,8,popularity_rank,61941.7470,61944.4935,63512.8040
26,8,greedy_swap,62048.1277,62049.5353,63764.2947
26,8,oracle,62114.6475,62115.3308,64665.4537
26,8,random_search,62444.9438,62446.0959,63811.0896
26,8,simulated_annealing,62687.4028,62687.4121,63831.2852
26,8,simulated_annealing_popstart,62704.8952,62704.2794,63997.2404
26,8,GA,62624.6576,62626.3520,63758.9535
26,9,random_valid,62280.1420,62279.0595,63749.4738
26,9,perimeter_only,62297.1269,62296.1662,63689.1182
26,9,popularity_rank,61949.6261,61944.4935,63512.8040
26,9,greedy_swap,62053.8072,62049.5353,63764.2947
26,9,oracle,62119.6660,62115.3308,64665.4537
26,9,random_search,62411.3594,62409.6617,63902.7327
26,9,simulated_annealing,62758.9925,62757.0112,63726.5409
26,9,simulated_annealing_popstart,62712.2697,62710.9303,64119.5922
26,9,GA,62620.9735,62620.6687,63786.7481
27,0,random_valid,68282.1046,68211.1944,81010.9916
27,0,perimeter_only,68288.6496,68218.2470,81095.9937
27,0,popularity_rank,68310.4795,68239.7697,81321.0883
27,0,greedy_swap,68471.0431,68402.3101,81763.0795
27,0,oracle,68385.6519,68315.5967,82879.8195
27,0,random_search,68769.1176,68700.8482,81277.3591
27,0,simulated_annealing,68896.2822,68826.0507,81424.6272
27,0,simulated_annealing_popstart,68898.3780,68828.2014,81545.6406
27,0,GA,68875.9796,68806.0041,81226.3411
27,1,random_valid,68154.7402,68211.1944,81010.9916
27,1,perimeter_only,68161.8207,68218.2470,81095.9937
27,1,popularity_rank,68183.1231,68239.7697,81321.0883
27,1,greedy_swap,68346.1831,68402.3101,81763.0795
27,1,oracle,68257.5786,68315.5967,82879.8195
27,1,random_search,68640.1434,68695.9113,81289.8453
27,1,simulated_annealing,68982.3495,69035.9971,81819.6272
27,1,simulated_annealing_popstart,69000.8364,69054.1085,81752.2474
27,1,GA,68777.7144,68833.6889,81583.8692
27,2,random_valid,68208.1292,68211.1944,81010.9916
27,2,perimeter_only,68214.3459,68218.2470,81095.9937
27,2,popularity_rank,68236.3472,68239.7697,81321.0883
27,2,greedy_swap,68397.2246,68402.3101,81763.0795
27,2,oracle,68311.5911,68315.5967,82879.8195
27,2,random_search,68636.4114,68642.7016,80975.9103
27,2,simulated_annealing,68964.9245,68970.3867,81673.0674
27,2,simulated_annealing_popstart,69038.9097,69043.5679,81834.5297
27,2,GA,68662.8939,68667.7906,81394.6171
27,3,random_valid,68223.9130,68211.1944,81010.9916
27,3,perimeter_only,68231.0702,68218.2470,81095.9937
27,3,popularity_rank,68252.4287,68239.7697,81321.0883
27,3,greedy_swap,68415.8803,68402.3101,81763.0795
27,3,oracle,68329.6360,68315.5967,82879.8195
27,3,random_search,68710.5700,68697.1940,81138.2414
27,3,simulated_annealing,68874.6655,68861.0430,81593.9164
27,3,simulated_annealing_popstart,68943.0588,68929.6488,81950.3285
27,3,GA,68881.5309,68867.5038,81614.1248
27,4,random_valid,68191.6569,68211.1944,81010.9916
27,4,perimeter_only,68198.6062,68218.2470,81095.9937
27,4,popularity_rank,68219.7853,68239.7697,81321.0883
27,4,greedy_swap,68382.7751,68402.3101,81763.0795
27,4,oracle,68296.5160,68315.5967,82879.8195
27,4,random_search,68692.7440,68714.0562,80767.9596
27,4,simulated_annealing,68715.3151,68736.8726,81508.8037
27,4,simulated_annealing_popstart,68852.2377,68875.5389,81587.2096
27,4,GA,68845.8053,68869.4232,81435.2410
27,5,random_valid,68193.2996,68211.1944,81010.9916
27,5,perimeter_only,68200.5749,68218.2470,81095.9937
27,5,popularity_rank,68221.5059,68239.7697,81321.0883
27,5,greedy_swap,68385.3078,68402.3101,81763.0795
27,5,oracle,68297.9594,68315.5967,82879.8195
27,5,random_search,68721.0141,68737.8758,81667.9852
27,5,simulated_annealing,68588.2003,68605.1261,81355.6935
27,5,simulated_annealing_popstart,68785.6549,68802.3891,81413.0184
27,5,GA,68674.2392,68691.2375,81491.4104
27,6,random_valid,68221.4480,68211.1944,81010.9916
27,6,perimeter_only,68228.2160,68218.2470,81095.9937
27,6,popularity_rank,68249.2510,68239.7697,81321.0883
27,6,greedy_swap,68412.9130,68402.3101,81763.0795
27,6,oracle,68325.2835,68315.5967,82879.8195
27,6,random_search,68770.4042,68758.7931,81488.7418
27,6,simulated_annealing,68726.4293,68714.7133,81757.1358
27,6,simulated_annealing_popstart,68917.9480,68906.0031,81568.6495
27,6,GA,68888.9078,68876.4385,81575.9028
27,7,random_valid,68202.1440,68211.1944,81010.9916
27,7,perimeter_only,68209.5192,68218.2470,81095.9937
27,7,popularity_rank,68230.8225,68239.7697,81321.0883
27,7,greedy_swap,68393.5462,68402.3101,81763.0795
27,7,oracle,68307.2701,68315.5967,82879.8195
27,7,random_search,68673.9011,68683.9024,81980.6669
27,7,simulated_annealing,68670.9871,68680.9072,81566.7370
27,7,simulated_annealing_popstart,68961.7627,68968.7507,81957.7636
27,7,GA,68960.5768,68967.6466,81602.8622
27,8,random_valid,68188.1991,68211.1944,81010.9916
27,8,perimeter_only,68195.5297,68218.2470,81095.9937
27,8,popularity_rank,68216.3235,68239.7697,81321.0883
27,8,greedy_swap,68378.3657,68402.3101,81763.0795
27,8,oracle,68291.8040,68315.5967,82879.8195
27,8,random_search,68700.2055,68724.6110,80771.1452
27,8,simulated_annealing,68858.8035,68881.7488,81661.2798
27,8,simulated_annealing_popstart,68854.9551,68878.0352,81588.7692
27,8,GA,68854.4249,68877.3125,81604.7055
27,9,random_valid,68205.9265,68211.1944,81010.9916
27,9,perimeter_only,68212.9126,68218.2470,81095.9937
27,9,popularity_rank,68235.2783,68239.7697,81321.0883
27,9,greedy_swap,68396.6566,68402.3101,81763.0795
27,9,oracle,68310.4399,68315.5967,82879.8195
27,9,random_search,68707.4205,68713.7700,81039.1353
27,9,simulated_annealing,68888.6522,68894.0832,81629.8082
27,9,simulated_annealing_popstart,68835.1095,68841.1884,81583.5705
27,9,GA,68772.8344,68778.2516,81693.3068
28,0,random_valid,65218.4261,65200.3343,66168.6900
28,0,perimeter_only,65640.5898,65619.6054,66960.0653
28,0,popularity_rank,65389.8879,65369.5628,65544.6445
28,0,greedy_swap,65540.3794,65519.7882,66561.7211
28,0,oracle,65992.2409,65972.6812,67586.9165
28,0,random_search,65989.1785,65969.8618,66561.7569
28,0,simulated_annealing,66227.8275,66206.4922,66213.4650
28,0,simulated_annealing_popstart,66267.2836,66246.4886,66241.3479
28,0,GA,66300.9731,66279.4968,66734.9071
28,1,random_valid,65208.6479,65200.3343,66168.6900
28,1,perimeter_only,65625.8015,65619.6054,66960.0653
28,1,popularity_rank,65379.0620,65369.5628,65544.6445
28,1,greedy_swap,65527.7985,65519.7882,66561.7211
28,1,oracle,65983.6411,65972.6812,67586.9165
28,1,random_search,65922.7664,65912.6141,66476.4619
28,1,simulated_annealing,66308.1466,66297.6693,66119.1665
28,1,simulated_annealing_popstart,66196.9969,66185.4190,65962.8622
28,1,GA,66316.0432,66305.4566,65952.2803
28,2,random_valid,65189.7264,65200.3343,66168.6900
28,2,perimeter_only,65608.4516,65619.6054,66960.0653
28,2,popularity_rank,65358.2549,65369.5628,65544.6445
28,2,greedy_swap,65508.3963,65519.7882,66561.7211
28,2,oracle,65959.9918,65972.6812,67586.9165
28,2,random_search,65959.8285,65972.4439,65524.3889
28,2,simulated_annealing,66282.9857,66296.3827,66256.8909
28,2,simulated_annealing_popstart,66182.3818,66195.0968,66198.9926
28,2,GA,66204.9723,66217.0949,66071.0209
28,3,random_valid,65225.2687,65200.3343,66168.6900
28,3,perimeter_only,65643.7588,65619.6054,66960.0653
28,3,popularity_rank,65394.6193,65369.5628,65544.6445
28,3,greedy_swap,65545.1200,65519.7882,66561.7211
28,3,oracle,65995.8037,65972.6812,67586.9165
28,3,random_search,66043.0303,66020.4034,66676.8938
28,3,simulated_annealing,66363.7824,66341.0229,66840.3137
28,3,simulated_annealing_popstart,66348.7769,66326.1250,67059.7138
28,3,GA,66324.7308,66302.2133,66087.5948
28,4,random_valid,65099.2944,65200.3343,66168.6900
28,4,perimeter_only,65516.8068,65619.6054,66960.0653
28,4,popularity_rank,65269.2977,65369.5628,65544.6445
28,4,greedy_swap,65417.5822,65519.7882,66561.7211
28,4,oracle,65870.7883,65972.6812,67586.9165
28,4,random_search,65787.0364,65889.4203,66815.0757
28,4,simulated_annealing,66222.1479,66324.2425,66350.6628
28,4,simulated_annealing_popstart,66162.4584,66264.2585,66319.4394
28,4,GA,66201.8822,66304.0502,66225.5211
28,5,random_valid,65239.6609,65200.3343,66168.6900
28,5,perimeter_only,65658.6634,65619.6054,66960.0653
28,5,popularity_rank,65409.8789,65369.5628,65544.6445
28,5,greedy_swap,65558.4275,65519.7882,66561.7211
28,5,oracle,66011.7754,65972.6812,67586.9165
28,5,random_search,65907.6572,65868.7458,66481.1942
28,5,simulated_annealing,66304.2720,66264.6923,66193.7467
28,5,simulated_annealing_popstart,66281.3860,66241.8126,66204.2025
28,5,GA,66349.6335,66310.4566,66766.8735
28,6,random_valid,65146.6401,65200.3343,66168.6900
28,6,perimeter_only,65563.0399,65619.6054,66960.0653
28,6,popularity_rank,65314.1964,65369.5628,65544.6445
28,6,greedy_swap,65464.9388,65519.7882,66561.7211
28,6,oracle,65918.9950,65972.6812,67586.9165
28,6,random_search,65968.9596,66022.6678,66663.7085
28,6,simulated_annealing,66206.8417,66259.6234,66269.3556
28,6,simulated_annealing_popstart,66304.0133,66357.8801,66194.9492
28,6,GA,66252.8373,66307.4214,65947.5432
28,7,random_valid,65173.2472,65200.3343,66168.6900
28,7,perimeter_only,65593.2091,65619.6054,66960.0653
28,7,popularity_rank,65341.9673,65369.5628,65544.6445
28,7,greedy_swap,65492.9033,65519.7882,66561.7211
28,7,oracle,65951.3936,65972.6812,67586.9165
28,7,random_search,65866.1953,65889.1096,66624.6866
28,7,simulated_annealing,66300.6950,66324.7819,66389.8656
28,7,simulated_annealing_popstart,66154.0485,66177.5973,66330.1420
28,7,GA,66389.9505,66414.9104,67005.4315
28,8,random_valid,65179.3173,65200.3343,66168.6900
28,8,perimeter_only,65598.1580,65619.6054,66960.0653
28,8,popularity_rank,65348.2631,65369.5628,65544.6445
28,8,greedy_swap,65499.3775,65519.7882,66561.7211
28,8,oracle,65950.0026,65972.6812,67586.9165
28,8,random_search,65903.2122,65924.1663,66800.8023
28,8,simulated_annealing,66184.3916,66205.2938,66936.6773
28,8,simulated_annealing_popstart,66186.8537,66207.4949,66228.2001
28,8,GA,66307.7917,66329.7630,66156.9060
28,9,random_valid,65195.5162,65200.3343,66168.6900
28,9,perimeter_only,65614.6610,65619.6054,66960.0653
28,9,popularity_rank,65363.1608,65369.5628,65544.6445
28,9,greedy_swap,65514.5946,65519.7882,66561.7211
28,9,oracle,65969.6997,65972.6812,67586.9165
28,9,random_search,65925.4266,65928.7940,65516.0288
28,9,simulated_annealing,66309.4431,66312.2324,66372.3263
28,9,simulated_annealing_popstart,66362.3204,66366.0573,66291.5733
28,9,GA,66263.2641,66265.4136,66142.9455
29,0,random_valid,38824.7222,38882.2647,42022.6283
29,0,perimeter_only,38808.6875,38866.5027,41509.2263
29,0,popularity_rank,38768.1085,38825.9111,41626.5869
29,0,greedy_swap,38904.8889,38962.9301,41945.7077
29,0,oracle,39059.8275,39116.8469,42584.8445
29,0,random_search,39084.0526,39141.8917,42226.5349
29,0,simulated_annealing,39021.3748,39078.9252,41542.8556
29,0,simulated_annealing_popstart,39159.8818,39217.5192,42153.0324
29,0,GA,39167.9696,39225.8798,42085.4682
29,1,random_valid,38894.1475,38882.2647,42022.6283
29,1,perimeter_only,38878.8183,38866.5027,41509.2263
29,1,popularity_rank,38838.2246,38825.9111,41626.5869
29,1,greedy_swap,38976.1979,38962.9301,41945.7077
29,1,oracle,39129.8005,39116.8469,42584.8445
29,1,random_search,39178.7005,39165.9025,41858.0697
29,1,simulated_annealing,39124.9640,39112.2184,41281.5392
29,1,simulated_annealing_popstart,39164.6970,39151.8852,41924.5504
29,1,GA,39223.6240,39211.0691,42036.7488
29,2,random_valid,38870.9552,38882.2647,42022.6283
29,2,perimeter_only,38855.6534,38866.5027,41509.2263
29,2,popularity_rank,38814.6291,38825.9111,41626.5869
29,2,greedy_swap,38951.5025,38962.9301,41945.7077
29,2,oracle,39107.1921,39116.8469,42584.8445
29,2,random_search,39076.1437,39086.2121,42066.9708
29,2,simulated_annealing,39168.2028,39178.2679,42190.2215
29,2,simulated_annealing_popstart,39221.5052,39231.9097,42079.0682
29,2,GA,39079.6773,39089.9141,41297.8844
29,3,random_valid,38900.9419,38882.2647,42022.6283
29,3,perimeter_only,38884.4717,38866.5027,41509.2263
29,3,popularity_rank,38844.5391,38825.9111,41626.5869
29,3,greedy_swap,38982.4086,38962.9301,41945.7077
29,3,oracle,39135.7093,39116.8469,42584.8445
29,3,random_search,39102.7464,39083.4152,42191.0014
29,3,simulated_annealing,39194.7931,39175.3450,42306.5179
29,3,simulated_annealing_popstart,39239.5686,39219.9693,42045.9850
29,3,GA,39120.0124,39100.7879,41337.0907
29,4,random_valid,38903.1158,38882.2647,42022.6283
29,4,perimeter_only,38888.6607,38866.5027,41509.2263
29,4,popularity_rank,38847.7086,38825.9111,41626.5869
29,4,greedy_swap,38983.2242,38962.9301,41945.7077
29,4,oracle,39137.4799,39116.8469,42584.8445
29,4,random_search,39151.9137,39130.8224,42150.9909
29,4,simulated_annealing,39075.1758,39054.1685,41082.2462
29,4,simulated_annealing_popstart,39205.5647,39184.3886,42120.2815
29,4,GA,39216.5753,39195.3823,42087.0023
29,5,random_valid,38915.4100,38882.2647,42022.6283
29,5,perimeter_only,38899.4015,38866.5027,41509.2263
29,5,popularity_rank,38858.5182,38825.9111,41626.5869
29,5,greedy_swap,38996.5066,38962.9301,41945.7077
29,5,oracle,39151.4574,39116.8469,42584.8445
29,5,random_search,39149.4325,39114.9161,42168.7150
29,5,simulated_annealing,39227.1753,39192.1748,42222.9518
29,5,simulated_annealing_popstart,39231.5427,39196.5118,42193.9345
29,5,GA,39297.2716,39262.3492,42141.6066
29,6,random_valid,38874.0657,38882.2647,42022.6283
29,6,perimeter_only,38858.9865,38866.5027,41509.2263
29,6,popularity_rank,38818.7261,38825.9111,41626.5869
29,6,greedy_swap,38956.1742,38962.9301,41945.7077
29,6,oracle,39107.6692,39116.8469,42584.8445
29,6,random_search,39098.3385,39107.1322,41946.0501
29,6,simulated_annealing,39213.1600,39222.0039,42062.9553
29,6,simulated_annealing_popstart,39224.7770,39234.1198,42022.7419
29,6,GA,39073.6872,39081.5950,41180.8293
29,7,random_valid,38864.0795,38882.2647,42022.6283
29,7,perimeter_only,38848.3182,38866.5027,41509.2263
29,7,popularity_rank,38807.6406,38825.9111,41626.5869
29,7,greedy_swap,38945.0552,38962.9301,41945.7077
29,7,oracle,39099.1455,39116.8469,42584.8445
29,7,random_search,39114.1692,39131.8072,42123.4390
29,7,simulated_annealing,39050.6294,39068.9798,41458.3405
29,7,simulated_annealing_popstart,39210.5632,39228.4528,42069.0845
29,7,GA,39206.0921,39223.7797,42093.8190
29,8,random_valid,38848.1616,38882.2647,42022.6283
29,8,perimeter_only,38832.6189,38866.5027,41509.2263
29,8,popularity_rank,38791.9851,38825.9111,41626.5869
29,8,greedy_swap,38928.6063,38962.9301,41945.7077
29,8,oracle,39083.3651,39116.8469,42584.8445
29,8,random_search,39104.5533,39137.8896,42193.0478
29,8,simulated_annealing,39233.2090,39267.3202,42100.1435
29,8,simulated_annealing_popstart,39196.9628,39231.2426,42136.1188
29,8,GA,39229.0361,39263.0939,42179.3995
29,9,random_valid,38889.7820,38882.2647,42022.6283
29,9,perimeter_only,38874.1840,38866.5027,41509.2263
29,9,popularity_rank,38833.7525,38825.9111,41626.5869
29,9,greedy_swap,38971.5237,38962.9301,41945.7077
29,9,oracle,39125.0709,39116.8469,42584.8445
29,9,random_search,39105.9941,39098.0730,42129.0793
29,9,simulated_annealing,39074.2881,39066.1874,40853.5745
29,9,simulated_annealing_popstart,39223.3939,39215.0239,42114.6847
29,9,GA,39114.3741,39105.9864,41410.4419
